source_desc,sector_desc,group_desc,commodity_desc,class_desc,prodn_practice_desc,util_practice_desc,statisticcat_desc,unit_desc,short_desc,domain_desc,domaincat_desc,agg_level_desc,state_ansi,state_fips_code,state_alpha,state_name,asd_code,asd_desc,county_ansi,county_code,county_name,region_desc,zip_5,watershed_code,watershed_desc,congr_district_code,country_code,country_name,location_desc,year,freq_desc,begin_code,end_code,reference_period_desc,week_ending,load_time,Value,CV (%)
SURVEY,ANIMALS & PRODUCTS,POULTRY,TURKEYS,YOUNG,ALL PRODUCTION PRACTICES,"SLAUGHTER, FI",SLAUGHTERED,HEAD,"TURKEYS, YOUNG, SLAUGHTER, FI - SLAUGHTERED, MEASURED IN HEAD",TOTAL,NOT SPECIFIED,STATE,51,51,VA,VIRGINIA,,,,,,,,00000000,,,9000,UNITED STATES,VIRGINIA,2018,MONTHLY,01,01,JAN,,2018-03-26 15:01:24,"2,409,000",
SURVEY,ANIMALS & PRODUCTS,POULTRY,TURKEYS,YOUNG,ALL PRODUCTION PRACTICES,"SLAUGHTER, FI",SLAUGHTERED,HEAD,"TURKEYS, YOUNG, SLAUGHTER, FI - SLAUGHTERED, MEASURED IN HEAD",TOTAL,NOT SPECIFIED,STATE,51,51,VA,VIRGINIA,,,,,,,,00000000,,,9000,UNITED STATES,VIRGINIA,2018,MONTHLY,02,02,FEB,,2018-04-25 15:00:37,"2,108,000",
SURVEY,ANIMALS & PRODUCTS,POULTRY,TURKEYS,YOUNG,ALL PRODUCTION PRACTICES,"SLAUGHTER, FI",SLAUGHTERED,HEAD,"TURKEYS, YOUNG, SLAUGHTER, FI - SLAUGHTERED, MEASURED IN HEAD",TOTAL,NOT SPECIFIED,STATE,51,51,VA,VIRGINIA,,,,,,,,00000000,,,9000,UNITED STATES,VIRGINIA,2018,MONTHLY,03,03,MAR,,2018-05-25 12:00:57,"2,180,000",
SURVEY,ANIMALS & PRODUCTS,POULTRY,TURKEYS,YOUNG,ALL PRODUCTION PRACTICES,"SLAUGHTER, FI",SLAUGHTERED,HEAD,"TURKEYS, YOUNG, SLAUGHTER, FI - SLAUGHTERED, MEASURED IN HEAD",TOTAL,NOT SPECIFIED,STATE,51,51,VA,VIRGINIA,,,,,,,,00000000,,,9000,UNITED STATES,VIRGINIA,2018,MONTHLY,04,04,APR,,2018-06-25 15:00:50,"2,270,000",
SURVEY,ANIMALS & PRODUCTS,POULTRY,TURKEYS,YOUNG,ALL PRODUCTION PRACTICES,"SLAUGHTER, FI",SLAUGHTERED,HEAD,"TURKEYS, YOUNG, SLAUGHTER, FI - SLAUGHTERED, MEASURED IN HEAD",TOTAL,NOT SPECIFIED,STATE,51,51,VA,VIRGINIA,,,,,,,,00000000,,,9000,UNITED STATES,VIRGINIA,2018,MONTHLY,05,05,MAY,,2018-07-25 15:06:52,"2,303,000",
SURVEY,ANIMALS & PRODUCTS,POULTRY,TURKEYS,YOUNG,ALL PRODUCTION PRACTICES,"SLAUGHTER, FI",SLAUGHTERED,HEAD,"TURKEYS, YOUNG, SLAUGHTER, FI - SLAUGHTERED, MEASURED IN HEAD",TOTAL,NOT SPECIFIED,STATE,51,51,VA,VIRGINIA,,,,,,,,00000000,,,9000,UNITED STATES,VIRGINIA,2018,MONTHLY,06,06,JUN,,2018-08-24 15:02:01,"2,091,000",
SURVEY,ANIMALS & PRODUCTS,POULTRY,TURKEYS,YOUNG,ALL PRODUCTION PRACTICES,"SLAUGHTER, FI",SLAUGHTERED,HEAD,"TURKEYS, YOUNG, SLAUGHTER, FI - SLAUGHTERED, MEASURED IN HEAD",TOTAL,NOT SPECIFIED,STATE,51,51,VA,VIRGINIA,,,,,,,,00000000,,,9000,UNITED STATES,VIRGINIA,2018,MONTHLY,07,07,JUL,,2018-09-25 15:00:37,"2,292,000",
SURVEY,ANIMALS & PRODUCTS,POULTRY,TURKEYS,YOUNG,ALL PRODUCTION PRACTICES,"SLAUGHTER, FI",SLAUGHTERED,HEAD,"TURKEYS, YOUNG, SLAUGHTER, FI - SLAUGHTERED, MEASURED IN HEAD",TOTAL,NOT SPECIFIED,STATE,51,51,VA,VIRGINIA,,,,,,,,00000000,,,9000,UNITED STATES,VIRGINIA,2018,MONTHLY,08,08,AUG,,2018-10-25 15:06:05,"2,359,000",
SURVEY,ANIMALS & PRODUCTS,POULTRY,TURKEYS,YOUNG,ALL PRODUCTION PRACTICES,"SLAUGHTER, FI",SLAUGHTERED,HEAD,"TURKEYS, YOUNG, SLAUGHTER, FI - SLAUGHTERED, MEASURED IN HEAD",TOTAL,NOT SPECIFIED,STATE,51,51,VA,VIRGINIA,,,,,,,,00000000,,,9000,UNITED STATES,VIRGINIA,2018,MONTHLY,09,09,SEP,,2018-11-26 15:00:41,"1,903,000",
SURVEY,ANIMALS & PRODUCTS,POULTRY,TURKEYS,YOUNG,ALL PRODUCTION PRACTICES,"SLAUGHTER, FI",SLAUGHTERED,HEAD,"TURKEYS, YOUNG, SLAUGHTER, FI - SLAUGHTERED, MEASURED IN HEAD",TOTAL,NOT SPECIFIED,STATE,51,51,VA,VIRGINIA,,,,,,,,00000000,,,9000,UNITED STATES,VIRGINIA,2018,MONTHLY,10,10,OCT,,2018-11-26 15:00:41,"2,567,000",
SURVEY,ANIMALS & PRODUCTS,POULTRY,TURKEYS,YOUNG,ALL PRODUCTION PRACTICES,"SLAUGHTER, FI",SLAUGHTERED,HEAD,"TURKEYS, YOUNG, SLAUGHTER, FI - SLAUGHTERED, MEASURED IN HEAD",TOTAL,NOT SPECIFIED,STATE,51,51,VA,VIRGINIA,,,,,,,,00000000,,,9000,UNITED STATES,VIRGINIA,2017,ANNUAL,00,00,YEAR,,2018-02-26 15:03:15,"26,729,000",
SURVEY,ANIMALS & PRODUCTS,POULTRY,TURKEYS,YOUNG,ALL PRODUCTION PRACTICES,"SLAUGHTER, FI",SLAUGHTERED,HEAD,"TURKEYS, YOUNG, SLAUGHTER, FI - SLAUGHTERED, MEASURED IN HEAD",TOTAL,NOT SPECIFIED,STATE,51,51,VA,VIRGINIA,,,,,,,,00000000,,,9000,UNITED STATES,VIRGINIA,2017,MONTHLY,01,01,JAN,,2018-02-26 15:03:15,"2,201,000",
SURVEY,ANIMALS & PRODUCTS,POULTRY,TURKEYS,YOUNG,ALL PRODUCTION PRACTICES,"SLAUGHTER, FI",SLAUGHTERED,HEAD,"TURKEYS, YOUNG, SLAUGHTER, FI - SLAUGHTERED, MEASURED IN HEAD",TOTAL,NOT SPECIFIED,STATE,51,51,VA,VIRGINIA,,,,,,,,00000000,,,9000,UNITED STATES,VIRGINIA,2017,MONTHLY,02,02,FEB,,2018-02-26 15:03:15,"2,070,000",
SURVEY,ANIMALS & PRODUCTS,POULTRY,TURKEYS,YOUNG,ALL PRODUCTION PRACTICES,"SLAUGHTER, FI",SLAUGHTERED,HEAD,"TURKEYS, YOUNG, SLAUGHTER, FI - SLAUGHTERED, MEASURED IN HEAD",TOTAL,NOT SPECIFIED,STATE,51,51,VA,VIRGINIA,,,,,,,,00000000,,,9000,UNITED STATES,VIRGINIA,2017,MONTHLY,03,03,MAR,,2018-02-26 15:03:15,"2,363,000",
SURVEY,ANIMALS & PRODUCTS,POULTRY,TURKEYS,YOUNG,ALL PRODUCTION PRACTICES,"SLAUGHTER, FI",SLAUGHTERED,HEAD,"TURKEYS, YOUNG, SLAUGHTER, FI - SLAUGHTERED, MEASURED IN HEAD",TOTAL,NOT SPECIFIED,STATE,51,51,VA,VIRGINIA,,,,,,,,00000000,,,9000,UNITED STATES,VIRGINIA,2017,MONTHLY,04,04,APR,,2018-02-26 15:03:15,"1,907,000",
SURVEY,ANIMALS & PRODUCTS,POULTRY,TURKEYS,YOUNG,ALL PRODUCTION PRACTICES,"SLAUGHTER, FI",SLAUGHTERED,HEAD,"TURKEYS, YOUNG, SLAUGHTER, FI - SLAUGHTERED, MEASURED IN HEAD",TOTAL,NOT SPECIFIED,STATE,51,51,VA,VIRGINIA,,,,,,,,00000000,,,9000,UNITED STATES,VIRGINIA,2017,MONTHLY,05,05,MAY,,2018-02-26 15:03:15,"2,347,000",
SURVEY,ANIMALS & PRODUCTS,POULTRY,TURKEYS,YOUNG,ALL PRODUCTION PRACTICES,"SLAUGHTER, FI",SLAUGHTERED,HEAD,"TURKEYS, YOUNG, SLAUGHTER, FI - SLAUGHTERED, MEASURED IN HEAD",TOTAL,NOT SPECIFIED,STATE,51,51,VA,VIRGINIA,,,,,,,,00000000,,,9000,UNITED STATES,VIRGINIA,2017,MONTHLY,06,06,JUN,,2018-02-26 15:03:15,"2,303,000",
SURVEY,ANIMALS & PRODUCTS,POULTRY,TURKEYS,YOUNG,ALL PRODUCTION PRACTICES,"SLAUGHTER, FI",SLAUGHTERED,HEAD,"TURKEYS, YOUNG, SLAUGHTER, FI - SLAUGHTERED, MEASURED IN HEAD",TOTAL,NOT SPECIFIED,STATE,51,51,VA,VIRGINIA,,,,,,,,00000000,,,9000,UNITED STATES,VIRGINIA,2017,MONTHLY,07,07,JUL,,2018-02-26 15:03:15,"2,074,000",
SURVEY,ANIMALS & PRODUCTS,POULTRY,TURKEYS,YOUNG,ALL PRODUCTION PRACTICES,"SLAUGHTER, FI",SLAUGHTERED,HEAD,"TURKEYS, YOUNG, SLAUGHTER, FI - SLAUGHTERED, MEASURED IN HEAD",TOTAL,NOT SPECIFIED,STATE,51,51,VA,VIRGINIA,,,,,,,,00000000,,,9000,UNITED STATES,VIRGINIA,2017,MONTHLY,08,08,AUG,,2018-02-26 15:03:15,"2,441,000",
SURVEY,ANIMALS & PRODUCTS,POULTRY,TURKEYS,YOUNG,ALL PRODUCTION PRACTICES,"SLAUGHTER, FI",SLAUGHTERED,HEAD,"TURKEYS, YOUNG, SLAUGHTER, FI - SLAUGHTERED, MEASURED IN HEAD",TOTAL,NOT SPECIFIED,STATE,51,51,VA,VIRGINIA,,,,,,,,00000000,,,9000,UNITED STATES,VIRGINIA,2017,MONTHLY,09,09,SEP,,2018-02-26 15:03:15,"2,154,000",
SURVEY,ANIMALS & PRODUCTS,POULTRY,TURKEYS,YOUNG,ALL PRODUCTION PRACTICES,"SLAUGHTER, FI",SLAUGHTERED,HEAD,"TURKEYS, YOUNG, SLAUGHTER, FI - SLAUGHTERED, MEASURED IN HEAD",TOTAL,NOT SPECIFIED,STATE,51,51,VA,VIRGINIA,,,,,,,,00000000,,,9000,UNITED STATES,VIRGINIA,2017,MONTHLY,10,10,OCT,,2018-02-26 15:03:15,"2,499,000",
SURVEY,ANIMALS & PRODUCTS,POULTRY,TURKEYS,YOUNG,ALL PRODUCTION PRACTICES,"SLAUGHTER, FI",SLAUGHTERED,HEAD,"TURKEYS, YOUNG, SLAUGHTER, FI - SLAUGHTERED, MEASURED IN HEAD",TOTAL,NOT SPECIFIED,STATE,51,51,VA,VIRGINIA,,,,,,,,00000000,,,9000,UNITED STATES,VIRGINIA,2017,MONTHLY,11,11,NOV,,2018-02-26 15:03:15,"2,332,000",
SURVEY,ANIMALS & PRODUCTS,POULTRY,TURKEYS,YOUNG,ALL PRODUCTION PRACTICES,"SLAUGHTER, FI",SLAUGHTERED,HEAD,"TURKEYS, YOUNG, SLAUGHTER, FI - SLAUGHTERED, MEASURED IN HEAD",TOTAL,NOT SPECIFIED,STATE,51,51,VA,VIRGINIA,,,,,,,,00000000,,,9000,UNITED STATES,VIRGINIA,2017,MONTHLY,12,12,DEC,,2018-02-26 15:06:08,"2,038,000",
SURVEY,ANIMALS & PRODUCTS,POULTRY,TURKEYS,YOUNG,ALL PRODUCTION PRACTICES,"SLAUGHTER, FI",SLAUGHTERED,HEAD,"TURKEYS, YOUNG, SLAUGHTER, FI - SLAUGHTERED, MEASURED IN HEAD",TOTAL,NOT SPECIFIED,STATE,51,51,VA,VIRGINIA,,,,,,,,00000000,,,9000,UNITED STATES,VIRGINIA,2016,ANNUAL,00,00,YEAR,,2018-02-26 15:03:15,"27,182,000",
SURVEY,ANIMALS & PRODUCTS,POULTRY,TURKEYS,YOUNG,ALL PRODUCTION PRACTICES,"SLAUGHTER, FI",SLAUGHTERED,HEAD,"TURKEYS, YOUNG, SLAUGHTER, FI - SLAUGHTERED, MEASURED IN HEAD",TOTAL,NOT SPECIFIED,STATE,51,51,VA,VIRGINIA,,,,,,,,00000000,,,9000,UNITED STATES,VIRGINIA,2016,MONTHLY,01,01,JAN,,2018-02-26 15:00:26,"2,152,000",
SURVEY,ANIMALS & PRODUCTS,POULTRY,TURKEYS,YOUNG,ALL PRODUCTION PRACTICES,"SLAUGHTER, FI",SLAUGHTERED,HEAD,"TURKEYS, YOUNG, SLAUGHTER, FI - SLAUGHTERED, MEASURED IN HEAD",TOTAL,NOT SPECIFIED,STATE,51,51,VA,VIRGINIA,,,,,,,,00000000,,,9000,UNITED STATES,VIRGINIA,2016,MONTHLY,02,02,FEB,,2018-02-26 15:00:26,"2,177,000",
SURVEY,ANIMALS & PRODUCTS,POULTRY,TURKEYS,YOUNG,ALL PRODUCTION PRACTICES,"SLAUGHTER, FI",SLAUGHTERED,HEAD,"TURKEYS, YOUNG, SLAUGHTER, FI - SLAUGHTERED, MEASURED IN HEAD",TOTAL,NOT SPECIFIED,STATE,51,51,VA,VIRGINIA,,,,,,,,00000000,,,9000,UNITED STATES,VIRGINIA,2016,MONTHLY,03,03,MAR,,2018-02-26 15:00:26,"2,327,000",
SURVEY,ANIMALS & PRODUCTS,POULTRY,TURKEYS,YOUNG,ALL PRODUCTION PRACTICES,"SLAUGHTER, FI",SLAUGHTERED,HEAD,"TURKEYS, YOUNG, SLAUGHTER, FI - SLAUGHTERED, MEASURED IN HEAD",TOTAL,NOT SPECIFIED,STATE,51,51,VA,VIRGINIA,,,,,,,,00000000,,,9000,UNITED STATES,VIRGINIA,2016,MONTHLY,04,04,APR,,2018-02-26 15:00:26,"2,267,000",
SURVEY,ANIMALS & PRODUCTS,POULTRY,TURKEYS,YOUNG,ALL PRODUCTION PRACTICES,"SLAUGHTER, FI",SLAUGHTERED,HEAD,"TURKEYS, YOUNG, SLAUGHTER, FI - SLAUGHTERED, MEASURED IN HEAD",TOTAL,NOT SPECIFIED,STATE,51,51,VA,VIRGINIA,,,,,,,,00000000,,,9000,UNITED STATES,VIRGINIA,2016,MONTHLY,05,05,MAY,,2018-02-26 15:00:26,"2,337,000",
SURVEY,ANIMALS & PRODUCTS,POULTRY,TURKEYS,YOUNG,ALL PRODUCTION PRACTICES,"SLAUGHTER, FI",SLAUGHTERED,HEAD,"TURKEYS, YOUNG, SLAUGHTER, FI - SLAUGHTERED, MEASURED IN HEAD",TOTAL,NOT SPECIFIED,STATE,51,51,VA,VIRGINIA,,,,,,,,00000000,,,9000,UNITED STATES,VIRGINIA,2016,MONTHLY,06,06,JUN,,2018-02-26 15:00:26,"2,428,000",
SURVEY,ANIMALS & PRODUCTS,POULTRY,TURKEYS,YOUNG,ALL PRODUCTION PRACTICES,"SLAUGHTER, FI",SLAUGHTERED,HEAD,"TURKEYS, YOUNG, SLAUGHTER, FI - SLAUGHTERED, MEASURED IN HEAD",TOTAL,NOT SPECIFIED,STATE,51,51,VA,VIRGINIA,,,,,,,,00000000,,,9000,UNITED STATES,VIRGINIA,2016,MONTHLY,07,07,JUL,,2018-02-26 15:00:26,"2,104,000",
SURVEY,ANIMALS & PRODUCTS,POULTRY,TURKEYS,YOUNG,ALL PRODUCTION PRACTICES,"SLAUGHTER, FI",SLAUGHTERED,HEAD,"TURKEYS, YOUNG, SLAUGHTER, FI - SLAUGHTERED, MEASURED IN HEAD",TOTAL,NOT SPECIFIED,STATE,51,51,VA,VIRGINIA,,,,,,,,00000000,,,9000,UNITED STATES,VIRGINIA,2016,MONTHLY,08,08,AUG,,2018-02-26 15:00:26,"2,430,000",
SURVEY,ANIMALS & PRODUCTS,POULTRY,TURKEYS,YOUNG,ALL PRODUCTION PRACTICES,"SLAUGHTER, FI",SLAUGHTERED,HEAD,"TURKEYS, YOUNG, SLAUGHTER, FI - SLAUGHTERED, MEASURED IN HEAD",TOTAL,NOT SPECIFIED,STATE,51,51,VA,VIRGINIA,,,,,,,,00000000,,,9000,UNITED STATES,VIRGINIA,2016,MONTHLY,09,09,SEP,,2018-02-26 15:00:26,"2,202,000",
SURVEY,ANIMALS & PRODUCTS,POULTRY,TURKEYS,YOUNG,ALL PRODUCTION PRACTICES,"SLAUGHTER, FI",SLAUGHTERED,HEAD,"TURKEYS, YOUNG, SLAUGHTER, FI - SLAUGHTERED, MEASURED IN HEAD",TOTAL,NOT SPECIFIED,STATE,51,51,VA,VIRGINIA,,,,,,,,00000000,,,9000,UNITED STATES,VIRGINIA,2016,MONTHLY,10,10,OCT,,2018-02-26 15:00:26,"2,246,000",
SURVEY,ANIMALS & PRODUCTS,POULTRY,TURKEYS,YOUNG,ALL PRODUCTION PRACTICES,"SLAUGHTER, FI",SLAUGHTERED,HEAD,"TURKEYS, YOUNG, SLAUGHTER, FI - SLAUGHTERED, MEASURED IN HEAD",TOTAL,NOT SPECIFIED,STATE,51,51,VA,VIRGINIA,,,,,,,,00000000,,,9000,UNITED STATES,VIRGINIA,2016,MONTHLY,11,11,NOV,,2018-02-26 15:00:26,"2,334,000",
SURVEY,ANIMALS & PRODUCTS,POULTRY,TURKEYS,YOUNG,ALL PRODUCTION PRACTICES,"SLAUGHTER, FI",SLAUGHTERED,HEAD,"TURKEYS, YOUNG, SLAUGHTER, FI - SLAUGHTERED, MEASURED IN HEAD",TOTAL,NOT SPECIFIED,STATE,51,51,VA,VIRGINIA,,,,,,,,00000000,,,9000,UNITED STATES,VIRGINIA,2016,MONTHLY,12,12,DEC,,2018-02-26 15:00:26,"2,178,000",
SURVEY,ANIMALS & PRODUCTS,POULTRY,TURKEYS,YOUNG,ALL PRODUCTION PRACTICES,"SLAUGHTER, FI",SLAUGHTERED,HEAD,"TURKEYS, YOUNG, SLAUGHTER, FI - SLAUGHTERED, MEASURED IN HEAD",TOTAL,NOT SPECIFIED,STATE,51,51,VA,VIRGINIA,,,,,,,,00000000,,,9000,UNITED STATES,VIRGINIA,2015,ANNUAL,00,00,YEAR,,2018-02-26 15:00:26,"26,705,000",
SURVEY,ANIMALS & PRODUCTS,POULTRY,TURKEYS,YOUNG,ALL PRODUCTION PRACTICES,"SLAUGHTER, FI",SLAUGHTERED,HEAD,"TURKEYS, YOUNG, SLAUGHTER, FI - SLAUGHTERED, MEASURED IN HEAD",TOTAL,NOT SPECIFIED,STATE,51,51,VA,VIRGINIA,,,,,,,,00000000,,,9000,UNITED STATES,VIRGINIA,2015,MONTHLY,01,01,JAN,,2017-02-24 15:00:05,"2,320,000",
SURVEY,ANIMALS & PRODUCTS,POULTRY,TURKEYS,YOUNG,ALL PRODUCTION PRACTICES,"SLAUGHTER, FI",SLAUGHTERED,HEAD,"TURKEYS, YOUNG, SLAUGHTER, FI - SLAUGHTERED, MEASURED IN HEAD",TOTAL,NOT SPECIFIED,STATE,51,51,VA,VIRGINIA,,,,,,,,00000000,,,9000,UNITED STATES,VIRGINIA,2015,MONTHLY,02,02,FEB,,2017-02-24 15:00:05,"1,921,000",
SURVEY,ANIMALS & PRODUCTS,POULTRY,TURKEYS,YOUNG,ALL PRODUCTION PRACTICES,"SLAUGHTER, FI",SLAUGHTERED,HEAD,"TURKEYS, YOUNG, SLAUGHTER, FI - SLAUGHTERED, MEASURED IN HEAD",TOTAL,NOT SPECIFIED,STATE,51,51,VA,VIRGINIA,,,,,,,,00000000,,,9000,UNITED STATES,VIRGINIA,2015,MONTHLY,03,03,MAR,,2017-02-24 15:00:05,"2,269,000",
SURVEY,ANIMALS & PRODUCTS,POULTRY,TURKEYS,YOUNG,ALL PRODUCTION PRACTICES,"SLAUGHTER, FI",SLAUGHTERED,HEAD,"TURKEYS, YOUNG, SLAUGHTER, FI - SLAUGHTERED, MEASURED IN HEAD",TOTAL,NOT SPECIFIED,STATE,51,51,VA,VIRGINIA,,,,,,,,00000000,,,9000,UNITED STATES,VIRGINIA,2015,MONTHLY,04,04,APR,,2017-02-24 15:00:05,"2,269,000",
SURVEY,ANIMALS & PRODUCTS,POULTRY,TURKEYS,YOUNG,ALL PRODUCTION PRACTICES,"SLAUGHTER, FI",SLAUGHTERED,HEAD,"TURKEYS, YOUNG, SLAUGHTER, FI - SLAUGHTERED, MEASURED IN HEAD",TOTAL,NOT SPECIFIED,STATE,51,51,VA,VIRGINIA,,,,,,,,00000000,,,9000,UNITED STATES,VIRGINIA,2015,MONTHLY,05,05,MAY,,2017-02-24 15:00:05,"2,083,000",
SURVEY,ANIMALS & PRODUCTS,POULTRY,TURKEYS,YOUNG,ALL PRODUCTION PRACTICES,"SLAUGHTER, FI",SLAUGHTERED,HEAD,"TURKEYS, YOUNG, SLAUGHTER, FI - SLAUGHTERED, MEASURED IN HEAD",TOTAL,NOT SPECIFIED,STATE,51,51,VA,VIRGINIA,,,,,,,,00000000,,,9000,UNITED STATES,VIRGINIA,2015,MONTHLY,06,06,JUN,,2017-02-24 15:00:05,"2,290,000",
SURVEY,ANIMALS & PRODUCTS,POULTRY,TURKEYS,YOUNG,ALL PRODUCTION PRACTICES,"SLAUGHTER, FI",SLAUGHTERED,HEAD,"TURKEYS, YOUNG, SLAUGHTER, FI - SLAUGHTERED, MEASURED IN HEAD",TOTAL,NOT SPECIFIED,STATE,51,51,VA,VIRGINIA,,,,,,,,00000000,,,9000,UNITED STATES,VIRGINIA,2015,MONTHLY,07,07,JUL,,2017-02-24 15:00:05,"2,386,000",
SURVEY,ANIMALS & PRODUCTS,POULTRY,TURKEYS,YOUNG,ALL PRODUCTION PRACTICES,"SLAUGHTER, FI",SLAUGHTERED,HEAD,"TURKEYS, YOUNG, SLAUGHTER, FI - SLAUGHTERED, MEASURED IN HEAD",TOTAL,NOT SPECIFIED,STATE,51,51,VA,VIRGINIA,,,,,,,,00000000,,,9000,UNITED STATES,VIRGINIA,2015,MONTHLY,08,08,AUG,,2017-02-24 15:00:05,"2,229,000",
SURVEY,ANIMALS & PRODUCTS,POULTRY,TURKEYS,YOUNG,ALL PRODUCTION PRACTICES,"SLAUGHTER, FI",SLAUGHTERED,HEAD,"TURKEYS, YOUNG, SLAUGHTER, FI - SLAUGHTERED, MEASURED IN HEAD",TOTAL,NOT SPECIFIED,STATE,51,51,VA,VIRGINIA,,,,,,,,00000000,,,9000,UNITED STATES,VIRGINIA,2015,MONTHLY,09,09,SEP,,2017-02-24 15:00:05,"2,124,000",
SURVEY,ANIMALS & PRODUCTS,POULTRY,TURKEYS,YOUNG,ALL PRODUCTION PRACTICES,"SLAUGHTER, FI",SLAUGHTERED,HEAD,"TURKEYS, YOUNG, SLAUGHTER, FI - SLAUGHTERED, MEASURED IN HEAD",TOTAL,NOT SPECIFIED,STATE,51,51,VA,VIRGINIA,,,,,,,,00000000,,,9000,UNITED STATES,VIRGINIA,2015,MONTHLY,10,10,OCT,,2017-02-24 15:00:05,"2,521,000",
SURVEY,ANIMALS & PRODUCTS,POULTRY,TURKEYS,YOUNG,ALL PRODUCTION PRACTICES,"SLAUGHTER, FI",SLAUGHTERED,HEAD,"TURKEYS, YOUNG, SLAUGHTER, FI - SLAUGHTERED, MEASURED IN HEAD",TOTAL,NOT SPECIFIED,STATE,51,51,VA,VIRGINIA,,,,,,,,00000000,,,9000,UNITED STATES,VIRGINIA,2015,MONTHLY,11,11,NOV,,2017-02-24 15:00:05,"2,134,000",
SURVEY,ANIMALS & PRODUCTS,POULTRY,TURKEYS,YOUNG,ALL PRODUCTION PRACTICES,"SLAUGHTER, FI",SLAUGHTERED,HEAD,"TURKEYS, YOUNG, SLAUGHTER, FI - SLAUGHTERED, MEASURED IN HEAD",TOTAL,NOT SPECIFIED,STATE,51,51,VA,VIRGINIA,,,,,,,,00000000,,,9000,UNITED STATES,VIRGINIA,2015,MONTHLY,12,12,DEC,,2017-02-24 15:00:05,"2,159,000",
SURVEY,ANIMALS & PRODUCTS,POULTRY,TURKEYS,YOUNG,ALL PRODUCTION PRACTICES,"SLAUGHTER, FI",SLAUGHTERED,HEAD,"TURKEYS, YOUNG, SLAUGHTER, FI - SLAUGHTERED, MEASURED IN HEAD",TOTAL,NOT SPECIFIED,STATE,51,51,VA,VIRGINIA,,,,,,,,00000000,,,9000,UNITED STATES,VIRGINIA,2014,ANNUAL,00,00,YEAR,,2017-02-24 15:00:05,"26,470,000",
SURVEY,ANIMALS & PRODUCTS,POULTRY,TURKEYS,YOUNG,ALL PRODUCTION PRACTICES,"SLAUGHTER, FI",SLAUGHTERED,HEAD,"TURKEYS, YOUNG, SLAUGHTER, FI - SLAUGHTERED, MEASURED IN HEAD",TOTAL,NOT SPECIFIED,STATE,51,51,VA,VIRGINIA,,,,,,,,00000000,,,9000,UNITED STATES,VIRGINIA,2014,MONTHLY,01,01,JAN,,2016-02-25 15:03:13,"2,244,000",
SURVEY,ANIMALS & PRODUCTS,POULTRY,TURKEYS,YOUNG,ALL PRODUCTION PRACTICES,"SLAUGHTER, FI",SLAUGHTERED,HEAD,"TURKEYS, YOUNG, SLAUGHTER, FI - SLAUGHTERED, MEASURED IN HEAD",TOTAL,NOT SPECIFIED,STATE,51,51,VA,VIRGINIA,,,,,,,,00000000,,,9000,UNITED STATES,VIRGINIA,2014,MONTHLY,02,02,FEB,,2016-02-25 15:03:13,"1,941,000",
SURVEY,ANIMALS & PRODUCTS,POULTRY,TURKEYS,YOUNG,ALL PRODUCTION PRACTICES,"SLAUGHTER, FI",SLAUGHTERED,HEAD,"TURKEYS, YOUNG, SLAUGHTER, FI - SLAUGHTERED, MEASURED IN HEAD",TOTAL,NOT SPECIFIED,STATE,51,51,VA,VIRGINIA,,,,,,,,00000000,,,9000,UNITED STATES,VIRGINIA,2014,MONTHLY,03,03,MAR,,2016-02-25 15:03:13,"2,085,000",
SURVEY,ANIMALS & PRODUCTS,POULTRY,TURKEYS,YOUNG,ALL PRODUCTION PRACTICES,"SLAUGHTER, FI",SLAUGHTERED,HEAD,"TURKEYS, YOUNG, SLAUGHTER, FI - SLAUGHTERED, MEASURED IN HEAD",TOTAL,NOT SPECIFIED,STATE,51,51,VA,VIRGINIA,,,,,,,,00000000,,,9000,UNITED STATES,VIRGINIA,2014,MONTHLY,04,04,APR,,2016-02-25 15:03:13,"2,076,000",
SURVEY,ANIMALS & PRODUCTS,POULTRY,TURKEYS,YOUNG,ALL PRODUCTION PRACTICES,"SLAUGHTER, FI",SLAUGHTERED,HEAD,"TURKEYS, YOUNG, SLAUGHTER, FI - SLAUGHTERED, MEASURED IN HEAD",TOTAL,NOT SPECIFIED,STATE,51,51,VA,VIRGINIA,,,,,,,,00000000,,,9000,UNITED STATES,VIRGINIA,2014,MONTHLY,05,05,MAY,,2016-02-25 15:03:13,"2,173,000",
SURVEY,ANIMALS & PRODUCTS,POULTRY,TURKEYS,YOUNG,ALL PRODUCTION PRACTICES,"SLAUGHTER, FI",SLAUGHTERED,HEAD,"TURKEYS, YOUNG, SLAUGHTER, FI - SLAUGHTERED, MEASURED IN HEAD",TOTAL,NOT SPECIFIED,STATE,51,51,VA,VIRGINIA,,,,,,,,00000000,,,9000,UNITED STATES,VIRGINIA,2014,MONTHLY,06,06,JUN,,2016-02-25 15:03:13,"2,214,000",
SURVEY,ANIMALS & PRODUCTS,POULTRY,TURKEYS,YOUNG,ALL PRODUCTION PRACTICES,"SLAUGHTER, FI",SLAUGHTERED,HEAD,"TURKEYS, YOUNG, SLAUGHTER, FI - SLAUGHTERED, MEASURED IN HEAD",TOTAL,NOT SPECIFIED,STATE,51,51,VA,VIRGINIA,,,,,,,,00000000,,,9000,UNITED STATES,VIRGINIA,2014,MONTHLY,07,07,JUL,,2016-02-25 15:03:13,"2,283,000",
SURVEY,ANIMALS & PRODUCTS,POULTRY,TURKEYS,YOUNG,ALL PRODUCTION PRACTICES,"SLAUGHTER, FI",SLAUGHTERED,HEAD,"TURKEYS, YOUNG, SLAUGHTER, FI - SLAUGHTERED, MEASURED IN HEAD",TOTAL,NOT SPECIFIED,STATE,51,51,VA,VIRGINIA,,,,,,,,00000000,,,9000,UNITED STATES,VIRGINIA,2014,MONTHLY,08,08,AUG,,2016-02-25 15:03:13,"2,185,000",
SURVEY,ANIMALS & PRODUCTS,POULTRY,TURKEYS,YOUNG,ALL PRODUCTION PRACTICES,"SLAUGHTER, FI",SLAUGHTERED,HEAD,"TURKEYS, YOUNG, SLAUGHTER, FI - SLAUGHTERED, MEASURED IN HEAD",TOTAL,NOT SPECIFIED,STATE,51,51,VA,VIRGINIA,,,,,,,,00000000,,,9000,UNITED STATES,VIRGINIA,2014,MONTHLY,09,09,SEP,,2016-02-25 15:03:13,"2,213,000",
SURVEY,ANIMALS & PRODUCTS,POULTRY,TURKEYS,YOUNG,ALL PRODUCTION PRACTICES,"SLAUGHTER, FI",SLAUGHTERED,HEAD,"TURKEYS, YOUNG, SLAUGHTER, FI - SLAUGHTERED, MEASURED IN HEAD",TOTAL,NOT SPECIFIED,STATE,51,51,VA,VIRGINIA,,,,,,,,00000000,,,9000,UNITED STATES,VIRGINIA,2014,MONTHLY,10,10,OCT,,2016-02-25 15:03:13,"2,542,000",
SURVEY,ANIMALS & PRODUCTS,POULTRY,TURKEYS,YOUNG,ALL PRODUCTION PRACTICES,"SLAUGHTER, FI",SLAUGHTERED,HEAD,"TURKEYS, YOUNG, SLAUGHTER, FI - SLAUGHTERED, MEASURED IN HEAD",TOTAL,NOT SPECIFIED,STATE,51,51,VA,VIRGINIA,,,,,,,,00000000,,,9000,UNITED STATES,VIRGINIA,2014,MONTHLY,11,11,NOV,,2016-02-25 15:03:13,"2,251,000",
SURVEY,ANIMALS & PRODUCTS,POULTRY,TURKEYS,YOUNG,ALL PRODUCTION PRACTICES,"SLAUGHTER, FI",SLAUGHTERED,HEAD,"TURKEYS, YOUNG, SLAUGHTER, FI - SLAUGHTERED, MEASURED IN HEAD",TOTAL,NOT SPECIFIED,STATE,51,51,VA,VIRGINIA,,,,,,,,00000000,,,9000,UNITED STATES,VIRGINIA,2014,MONTHLY,12,12,DEC,,2016-02-25 15:03:13,"2,263,000",
SURVEY,ANIMALS & PRODUCTS,POULTRY,TURKEYS,YOUNG,ALL PRODUCTION PRACTICES,"SLAUGHTER, FI",SLAUGHTERED,HEAD,"TURKEYS, YOUNG, SLAUGHTER, FI - SLAUGHTERED, MEASURED IN HEAD",TOTAL,NOT SPECIFIED,STATE,51,51,VA,VIRGINIA,,,,,,,,00000000,,,9000,UNITED STATES,VIRGINIA,2013,ANNUAL,00,00,YEAR,,2016-02-25 15:03:13,"26,227,000",
SURVEY,ANIMALS & PRODUCTS,POULTRY,TURKEYS,YOUNG,ALL PRODUCTION PRACTICES,"SLAUGHTER, FI",SLAUGHTERED,HEAD,"TURKEYS, YOUNG, SLAUGHTER, FI - SLAUGHTERED, MEASURED IN HEAD",TOTAL,NOT SPECIFIED,STATE,51,51,VA,VIRGINIA,,,,,,,,00000000,,,9000,UNITED STATES,VIRGINIA,2013,MONTHLY,01,01,JAN,,2015-02-25 15:11:45,"2,437,000",
SURVEY,ANIMALS & PRODUCTS,POULTRY,TURKEYS,YOUNG,ALL PRODUCTION PRACTICES,"SLAUGHTER, FI",SLAUGHTERED,HEAD,"TURKEYS, YOUNG, SLAUGHTER, FI - SLAUGHTERED, MEASURED IN HEAD",TOTAL,NOT SPECIFIED,STATE,51,51,VA,VIRGINIA,,,,,,,,00000000,,,9000,UNITED STATES,VIRGINIA,2013,MONTHLY,02,02,FEB,,2015-02-25 15:11:45,"2,051,000",
SURVEY,ANIMALS & PRODUCTS,POULTRY,TURKEYS,YOUNG,ALL PRODUCTION PRACTICES,"SLAUGHTER, FI",SLAUGHTERED,HEAD,"TURKEYS, YOUNG, SLAUGHTER, FI - SLAUGHTERED, MEASURED IN HEAD",TOTAL,NOT SPECIFIED,STATE,51,51,VA,VIRGINIA,,,,,,,,00000000,,,9000,UNITED STATES,VIRGINIA,2013,MONTHLY,03,03,MAR,,2015-02-25 15:11:45,"1,912,000",
SURVEY,ANIMALS & PRODUCTS,POULTRY,TURKEYS,YOUNG,ALL PRODUCTION PRACTICES,"SLAUGHTER, FI",SLAUGHTERED,HEAD,"TURKEYS, YOUNG, SLAUGHTER, FI - SLAUGHTERED, MEASURED IN HEAD",TOTAL,NOT SPECIFIED,STATE,51,51,VA,VIRGINIA,,,,,,,,00000000,,,9000,UNITED STATES,VIRGINIA,2013,MONTHLY,04,04,APR,,2015-02-25 15:11:45,"2,354,000",
SURVEY,ANIMALS & PRODUCTS,POULTRY,TURKEYS,YOUNG,ALL PRODUCTION PRACTICES,"SLAUGHTER, FI",SLAUGHTERED,HEAD,"TURKEYS, YOUNG, SLAUGHTER, FI - SLAUGHTERED, MEASURED IN HEAD",TOTAL,NOT SPECIFIED,STATE,51,51,VA,VIRGINIA,,,,,,,,00000000,,,9000,UNITED STATES,VIRGINIA,2013,MONTHLY,05,05,MAY,,2015-02-25 15:11:45,"2,235,000",
SURVEY,ANIMALS & PRODUCTS,POULTRY,TURKEYS,YOUNG,ALL PRODUCTION PRACTICES,"SLAUGHTER, FI",SLAUGHTERED,HEAD,"TURKEYS, YOUNG, SLAUGHTER, FI - SLAUGHTERED, MEASURED IN HEAD",TOTAL,NOT SPECIFIED,STATE,51,51,VA,VIRGINIA,,,,,,,,00000000,,,9000,UNITED STATES,VIRGINIA,2013,MONTHLY,06,06,JUN,,2015-02-25 15:11:45,"2,043,000",
SURVEY,ANIMALS & PRODUCTS,POULTRY,TURKEYS,YOUNG,ALL PRODUCTION PRACTICES,"SLAUGHTER, FI",SLAUGHTERED,HEAD,"TURKEYS, YOUNG, SLAUGHTER, FI - SLAUGHTERED, MEASURED IN HEAD",TOTAL,NOT SPECIFIED,STATE,51,51,VA,VIRGINIA,,,,,,,,00000000,,,9000,UNITED STATES,VIRGINIA,2013,MONTHLY,07,07,JUL,,2015-02-25 15:11:45,"2,234,000",
SURVEY,ANIMALS & PRODUCTS,POULTRY,TURKEYS,YOUNG,ALL PRODUCTION PRACTICES,"SLAUGHTER, FI",SLAUGHTERED,HEAD,"TURKEYS, YOUNG, SLAUGHTER, FI - SLAUGHTERED, MEASURED IN HEAD",TOTAL,NOT SPECIFIED,STATE,51,51,VA,VIRGINIA,,,,,,,,00000000,,,9000,UNITED STATES,VIRGINIA,2013,MONTHLY,08,08,AUG,,2015-02-25 15:11:45,"2,221,000",
SURVEY,ANIMALS & PRODUCTS,POULTRY,TURKEYS,YOUNG,ALL PRODUCTION PRACTICES,"SLAUGHTER, FI",SLAUGHTERED,HEAD,"TURKEYS, YOUNG, SLAUGHTER, FI - SLAUGHTERED, MEASURED IN HEAD",TOTAL,NOT SPECIFIED,STATE,51,51,VA,VIRGINIA,,,,,,,,00000000,,,9000,UNITED STATES,VIRGINIA,2013,MONTHLY,09,09,SEP,,2015-02-25 15:11:45,"2,021,000",
SURVEY,ANIMALS & PRODUCTS,POULTRY,TURKEYS,YOUNG,ALL PRODUCTION PRACTICES,"SLAUGHTER, FI",SLAUGHTERED,HEAD,"TURKEYS, YOUNG, SLAUGHTER, FI - SLAUGHTERED, MEASURED IN HEAD",TOTAL,NOT SPECIFIED,STATE,51,51,VA,VIRGINIA,,,,,,,,00000000,,,9000,UNITED STATES,VIRGINIA,2013,MONTHLY,10,10,OCT,,2015-02-25 15:11:45,"2,408,000",
SURVEY,ANIMALS & PRODUCTS,POULTRY,TURKEYS,YOUNG,ALL PRODUCTION PRACTICES,"SLAUGHTER, FI",SLAUGHTERED,HEAD,"TURKEYS, YOUNG, SLAUGHTER, FI - SLAUGHTERED, MEASURED IN HEAD",TOTAL,NOT SPECIFIED,STATE,51,51,VA,VIRGINIA,,,,,,,,00000000,,,9000,UNITED STATES,VIRGINIA,2013,MONTHLY,11,11,NOV,,2015-02-25 15:11:45,"2,279,000",
SURVEY,ANIMALS & PRODUCTS,POULTRY,TURKEYS,YOUNG,ALL PRODUCTION PRACTICES,"SLAUGHTER, FI",SLAUGHTERED,HEAD,"TURKEYS, YOUNG, SLAUGHTER, FI - SLAUGHTERED, MEASURED IN HEAD",TOTAL,NOT SPECIFIED,STATE,51,51,VA,VIRGINIA,,,,,,,,00000000,,,9000,UNITED STATES,VIRGINIA,2013,MONTHLY,12,12,DEC,,2015-02-25 15:11:45,"2,032,000",
SURVEY,ANIMALS & PRODUCTS,POULTRY,TURKEYS,YOUNG,ALL PRODUCTION PRACTICES,"SLAUGHTER, FI",SLAUGHTERED,HEAD,"TURKEYS, YOUNG, SLAUGHTER, FI - SLAUGHTERED, MEASURED IN HEAD",TOTAL,NOT SPECIFIED,STATE,51,51,VA,VIRGINIA,,,,,,,,00000000,,,9000,UNITED STATES,VIRGINIA,2012,ANNUAL,00,00,YEAR,,2014-02-25 15:10:49,"27,262,000",
SURVEY,ANIMALS & PRODUCTS,POULTRY,TURKEYS,YOUNG,ALL PRODUCTION PRACTICES,"SLAUGHTER, FI",SLAUGHTERED,HEAD,"TURKEYS, YOUNG, SLAUGHTER, FI - SLAUGHTERED, MEASURED IN HEAD",TOTAL,NOT SPECIFIED,STATE,51,51,VA,VIRGINIA,,,,,,,,00000000,,,9000,UNITED STATES,VIRGINIA,2012,MONTHLY,01,01,JAN,,2014-02-25 15:04:44,"2,218,000",
SURVEY,ANIMALS & PRODUCTS,POULTRY,TURKEYS,YOUNG,ALL PRODUCTION PRACTICES,"SLAUGHTER, FI",SLAUGHTERED,HEAD,"TURKEYS, YOUNG, SLAUGHTER, FI - SLAUGHTERED, MEASURED IN HEAD",TOTAL,NOT SPECIFIED,STATE,51,51,VA,VIRGINIA,,,,,,,,00000000,,,9000,UNITED STATES,VIRGINIA,2012,MONTHLY,02,02,FEB,,2014-02-25 15:04:44,"2,173,000",
SURVEY,ANIMALS & PRODUCTS,POULTRY,TURKEYS,YOUNG,ALL PRODUCTION PRACTICES,"SLAUGHTER, FI",SLAUGHTERED,HEAD,"TURKEYS, YOUNG, SLAUGHTER, FI - SLAUGHTERED, MEASURED IN HEAD",TOTAL,NOT SPECIFIED,STATE,51,51,VA,VIRGINIA,,,,,,,,00000000,,,9000,UNITED STATES,VIRGINIA,2012,MONTHLY,03,03,MAR,,2014-02-25 15:04:44,"2,367,000",
SURVEY,ANIMALS & PRODUCTS,POULTRY,TURKEYS,YOUNG,ALL PRODUCTION PRACTICES,"SLAUGHTER, FI",SLAUGHTERED,HEAD,"TURKEYS, YOUNG, SLAUGHTER, FI - SLAUGHTERED, MEASURED IN HEAD",TOTAL,NOT SPECIFIED,STATE,51,51,VA,VIRGINIA,,,,,,,,00000000,,,9000,UNITED STATES,VIRGINIA,2012,MONTHLY,04,04,APR,,2014-02-25 15:04:44,"2,045,000",
SURVEY,ANIMALS & PRODUCTS,POULTRY,TURKEYS,YOUNG,ALL PRODUCTION PRACTICES,"SLAUGHTER, FI",SLAUGHTERED,HEAD,"TURKEYS, YOUNG, SLAUGHTER, FI - SLAUGHTERED, MEASURED IN HEAD",TOTAL,NOT SPECIFIED,STATE,51,51,VA,VIRGINIA,,,,,,,,00000000,,,9000,UNITED STATES,VIRGINIA,2012,MONTHLY,05,05,MAY,,2014-02-25 15:04:44,"2,332,000",
SURVEY,ANIMALS & PRODUCTS,POULTRY,TURKEYS,YOUNG,ALL PRODUCTION PRACTICES,"SLAUGHTER, FI",SLAUGHTERED,HEAD,"TURKEYS, YOUNG, SLAUGHTER, FI - SLAUGHTERED, MEASURED IN HEAD",TOTAL,NOT SPECIFIED,STATE,51,51,VA,VIRGINIA,,,,,,,,00000000,,,9000,UNITED STATES,VIRGINIA,2012,MONTHLY,06,06,JUN,,2014-02-25 15:04:44,"2,167,000",
SURVEY,ANIMALS & PRODUCTS,POULTRY,TURKEYS,YOUNG,ALL PRODUCTION PRACTICES,"SLAUGHTER, FI",SLAUGHTERED,HEAD,"TURKEYS, YOUNG, SLAUGHTER, FI - SLAUGHTERED, MEASURED IN HEAD",TOTAL,NOT SPECIFIED,STATE,51,51,VA,VIRGINIA,,,,,,,,00000000,,,9000,UNITED STATES,VIRGINIA,2012,MONTHLY,07,07,JUL,,2014-02-25 15:04:44,"2,213,000",
SURVEY,ANIMALS & PRODUCTS,POULTRY,TURKEYS,YOUNG,ALL PRODUCTION PRACTICES,"SLAUGHTER, FI",SLAUGHTERED,HEAD,"TURKEYS, YOUNG, SLAUGHTER, FI - SLAUGHTERED, MEASURED IN HEAD",TOTAL,NOT SPECIFIED,STATE,51,51,VA,VIRGINIA,,,,,,,,00000000,,,9000,UNITED STATES,VIRGINIA,2012,MONTHLY,08,08,AUG,,2014-02-25 15:04:44,"2,404,000",
SURVEY,ANIMALS & PRODUCTS,POULTRY,TURKEYS,YOUNG,ALL PRODUCTION PRACTICES,"SLAUGHTER, FI",SLAUGHTERED,HEAD,"TURKEYS, YOUNG, SLAUGHTER, FI - SLAUGHTERED, MEASURED IN HEAD",TOTAL,NOT SPECIFIED,STATE,51,51,VA,VIRGINIA,,,,,,,,00000000,,,9000,UNITED STATES,VIRGINIA,2012,MONTHLY,09,09,SEP,,2014-02-25 15:04:44,"2,071,000",
SURVEY,ANIMALS & PRODUCTS,POULTRY,TURKEYS,YOUNG,ALL PRODUCTION PRACTICES,"SLAUGHTER, FI",SLAUGHTERED,HEAD,"TURKEYS, YOUNG, SLAUGHTER, FI - SLAUGHTERED, MEASURED IN HEAD",TOTAL,NOT SPECIFIED,STATE,51,51,VA,VIRGINIA,,,,,,,,00000000,,,9000,UNITED STATES,VIRGINIA,2012,MONTHLY,10,10,OCT,,2014-02-25 15:04:44,"2,675,000",
SURVEY,ANIMALS & PRODUCTS,POULTRY,TURKEYS,YOUNG,ALL PRODUCTION PRACTICES,"SLAUGHTER, FI",SLAUGHTERED,HEAD,"TURKEYS, YOUNG, SLAUGHTER, FI - SLAUGHTERED, MEASURED IN HEAD",TOTAL,NOT SPECIFIED,STATE,51,51,VA,VIRGINIA,,,,,,,,00000000,,,9000,UNITED STATES,VIRGINIA,2012,MONTHLY,11,11,NOV,,2014-02-25 15:04:44,"2,465,000",
SURVEY,ANIMALS & PRODUCTS,POULTRY,TURKEYS,YOUNG,ALL PRODUCTION PRACTICES,"SLAUGHTER, FI",SLAUGHTERED,HEAD,"TURKEYS, YOUNG, SLAUGHTER, FI - SLAUGHTERED, MEASURED IN HEAD",TOTAL,NOT SPECIFIED,STATE,51,51,VA,VIRGINIA,,,,,,,,00000000,,,9000,UNITED STATES,VIRGINIA,2012,MONTHLY,12,12,DEC,,2014-02-25 15:04:44,"2,132,000",
SURVEY,ANIMALS & PRODUCTS,POULTRY,TURKEYS,YOUNG,ALL PRODUCTION PRACTICES,"SLAUGHTER, FI",SLAUGHTERED,HEAD,"TURKEYS, YOUNG, SLAUGHTER, FI - SLAUGHTERED, MEASURED IN HEAD",TOTAL,NOT SPECIFIED,STATE,51,51,VA,VIRGINIA,,,,,,,,00000000,,,9000,UNITED STATES,VIRGINIA,2011,ANNUAL,00,00,YEAR,,2014-02-25 15:04:44,"27,564,000",
SURVEY,ANIMALS & PRODUCTS,POULTRY,TURKEYS,YOUNG,ALL PRODUCTION PRACTICES,"SLAUGHTER, FI",SLAUGHTERED,HEAD,"TURKEYS, YOUNG, SLAUGHTER, FI - SLAUGHTERED, MEASURED IN HEAD",TOTAL,NOT SPECIFIED,STATE,51,51,VA,VIRGINIA,,,,,,,,00000000,,,9000,UNITED STATES,VIRGINIA,2011,MONTHLY,01,01,JAN,,2013-02-25 15:11:14,"2,222,000",
SURVEY,ANIMALS & PRODUCTS,POULTRY,TURKEYS,YOUNG,ALL PRODUCTION PRACTICES,"SLAUGHTER, FI",SLAUGHTERED,HEAD,"TURKEYS, YOUNG, SLAUGHTER, FI - SLAUGHTERED, MEASURED IN HEAD",TOTAL,NOT SPECIFIED,STATE,51,51,VA,VIRGINIA,,,,,,,,00000000,,,9000,UNITED STATES,VIRGINIA,2011,MONTHLY,02,02,FEB,,2013-02-25 15:11:14,"2,167,000",
SURVEY,ANIMALS & PRODUCTS,POULTRY,TURKEYS,YOUNG,ALL PRODUCTION PRACTICES,"SLAUGHTER, FI",SLAUGHTERED,HEAD,"TURKEYS, YOUNG, SLAUGHTER, FI - SLAUGHTERED, MEASURED IN HEAD",TOTAL,NOT SPECIFIED,STATE,51,51,VA,VIRGINIA,,,,,,,,00000000,,,9000,UNITED STATES,VIRGINIA,2011,MONTHLY,03,03,MAR,,2013-02-25 15:11:14,"2,458,000",
SURVEY,ANIMALS & PRODUCTS,POULTRY,TURKEYS,YOUNG,ALL PRODUCTION PRACTICES,"SLAUGHTER, FI",SLAUGHTERED,HEAD,"TURKEYS, YOUNG, SLAUGHTER, FI - SLAUGHTERED, MEASURED IN HEAD",TOTAL,NOT SPECIFIED,STATE,51,51,VA,VIRGINIA,,,,,,,,00000000,,,9000,UNITED STATES,VIRGINIA,2011,MONTHLY,04,04,APR,,2013-02-25 15:11:14,"2,122,000",
SURVEY,ANIMALS & PRODUCTS,POULTRY,TURKEYS,YOUNG,ALL PRODUCTION PRACTICES,"SLAUGHTER, FI",SLAUGHTERED,HEAD,"TURKEYS, YOUNG, SLAUGHTER, FI - SLAUGHTERED, MEASURED IN HEAD",TOTAL,NOT SPECIFIED,STATE,51,51,VA,VIRGINIA,,,,,,,,00000000,,,9000,UNITED STATES,VIRGINIA,2011,MONTHLY,05,05,MAY,,2013-02-25 15:11:14,"2,205,000",
SURVEY,ANIMALS & PRODUCTS,POULTRY,TURKEYS,YOUNG,ALL PRODUCTION PRACTICES,"SLAUGHTER, FI",SLAUGHTERED,HEAD,"TURKEYS, YOUNG, SLAUGHTER, FI - SLAUGHTERED, MEASURED IN HEAD",TOTAL,NOT SPECIFIED,STATE,51,51,VA,VIRGINIA,,,,,,,,00000000,,,9000,UNITED STATES,VIRGINIA,2011,MONTHLY,06,06,JUN,,2013-02-25 15:11:14,"2,400,000",
SURVEY,ANIMALS & PRODUCTS,POULTRY,TURKEYS,YOUNG,ALL PRODUCTION PRACTICES,"SLAUGHTER, FI",SLAUGHTERED,HEAD,"TURKEYS, YOUNG, SLAUGHTER, FI - SLAUGHTERED, MEASURED IN HEAD",TOTAL,NOT SPECIFIED,STATE,51,51,VA,VIRGINIA,,,,,,,,00000000,,,9000,UNITED STATES,VIRGINIA,2011,MONTHLY,07,07,JUL,,2013-02-25 15:11:14,"2,126,000",
SURVEY,ANIMALS & PRODUCTS,POULTRY,TURKEYS,YOUNG,ALL PRODUCTION PRACTICES,"SLAUGHTER, FI",SLAUGHTERED,HEAD,"TURKEYS, YOUNG, SLAUGHTER, FI - SLAUGHTERED, MEASURED IN HEAD",TOTAL,NOT SPECIFIED,STATE,51,51,VA,VIRGINIA,,,,,,,,00000000,,,9000,UNITED STATES,VIRGINIA,2011,MONTHLY,08,08,AUG,,2013-02-25 15:11:14,"2,437,000",
SURVEY,ANIMALS & PRODUCTS,POULTRY,TURKEYS,YOUNG,ALL PRODUCTION PRACTICES,"SLAUGHTER, FI",SLAUGHTERED,HEAD,"TURKEYS, YOUNG, SLAUGHTER, FI - SLAUGHTERED, MEASURED IN HEAD",TOTAL,NOT SPECIFIED,STATE,51,51,VA,VIRGINIA,,,,,,,,00000000,,,9000,UNITED STATES,VIRGINIA,2011,MONTHLY,09,09,SEP,,2013-02-25 15:11:14,"2,306,000",
SURVEY,ANIMALS & PRODUCTS,POULTRY,TURKEYS,YOUNG,ALL PRODUCTION PRACTICES,"SLAUGHTER, FI",SLAUGHTERED,HEAD,"TURKEYS, YOUNG, SLAUGHTER, FI - SLAUGHTERED, MEASURED IN HEAD",TOTAL,NOT SPECIFIED,STATE,51,51,VA,VIRGINIA,,,,,,,,00000000,,,9000,UNITED STATES,VIRGINIA,2011,MONTHLY,10,10,OCT,,2013-02-25 15:11:14,"2,570,000",
SURVEY,ANIMALS & PRODUCTS,POULTRY,TURKEYS,YOUNG,ALL PRODUCTION PRACTICES,"SLAUGHTER, FI",SLAUGHTERED,HEAD,"TURKEYS, YOUNG, SLAUGHTER, FI - SLAUGHTERED, MEASURED IN HEAD",TOTAL,NOT SPECIFIED,STATE,51,51,VA,VIRGINIA,,,,,,,,00000000,,,9000,UNITED STATES,VIRGINIA,2011,MONTHLY,11,11,NOV,,2013-02-25 15:11:14,"2,421,000",
SURVEY,ANIMALS & PRODUCTS,POULTRY,TURKEYS,YOUNG,ALL PRODUCTION PRACTICES,"SLAUGHTER, FI",SLAUGHTERED,HEAD,"TURKEYS, YOUNG, SLAUGHTER, FI - SLAUGHTERED, MEASURED IN HEAD",TOTAL,NOT SPECIFIED,STATE,51,51,VA,VIRGINIA,,,,,,,,00000000,,,9000,UNITED STATES,VIRGINIA,2011,MONTHLY,12,12,DEC,,2013-02-25 15:11:14,"2,130,000",
SURVEY,ANIMALS & PRODUCTS,POULTRY,TURKEYS,YOUNG,ALL PRODUCTION PRACTICES,"SLAUGHTER, FI",SLAUGHTERED,HEAD,"TURKEYS, YOUNG, SLAUGHTER, FI - SLAUGHTERED, MEASURED IN HEAD",TOTAL,NOT SPECIFIED,STATE,51,51,VA,VIRGINIA,,,,,,,,00000000,,,9000,UNITED STATES,VIRGINIA,2010,ANNUAL,00,00,YEAR,,2012-01-01 00:00:00,"27,833,000",
SURVEY,ANIMALS & PRODUCTS,POULTRY,TURKEYS,YOUNG,ALL PRODUCTION PRACTICES,"SLAUGHTER, FI",SLAUGHTERED,HEAD,"TURKEYS, YOUNG, SLAUGHTER, FI - SLAUGHTERED, MEASURED IN HEAD",TOTAL,NOT SPECIFIED,STATE,51,51,VA,VIRGINIA,,,,,,,,00000000,,,9000,UNITED STATES,VIRGINIA,2010,MONTHLY,01,01,JAN,,2012-01-01 00:00:00,"2,068,000",
SURVEY,ANIMALS & PRODUCTS,POULTRY,TURKEYS,YOUNG,ALL PRODUCTION PRACTICES,"SLAUGHTER, FI",SLAUGHTERED,HEAD,"TURKEYS, YOUNG, SLAUGHTER, FI - SLAUGHTERED, MEASURED IN HEAD",TOTAL,NOT SPECIFIED,STATE,51,51,VA,VIRGINIA,,,,,,,,00000000,,,9000,UNITED STATES,VIRGINIA,2010,MONTHLY,02,02,FEB,,2012-01-01 00:00:00,"2,040,000",
SURVEY,ANIMALS & PRODUCTS,POULTRY,TURKEYS,YOUNG,ALL PRODUCTION PRACTICES,"SLAUGHTER, FI",SLAUGHTERED,HEAD,"TURKEYS, YOUNG, SLAUGHTER, FI - SLAUGHTERED, MEASURED IN HEAD",TOTAL,NOT SPECIFIED,STATE,51,51,VA,VIRGINIA,,,,,,,,00000000,,,9000,UNITED STATES,VIRGINIA,2010,MONTHLY,03,03,MAR,,2012-01-01 00:00:00,"2,485,000",
SURVEY,ANIMALS & PRODUCTS,POULTRY,TURKEYS,YOUNG,ALL PRODUCTION PRACTICES,"SLAUGHTER, FI",SLAUGHTERED,HEAD,"TURKEYS, YOUNG, SLAUGHTER, FI - SLAUGHTERED, MEASURED IN HEAD",TOTAL,NOT SPECIFIED,STATE,51,51,VA,VIRGINIA,,,,,,,,00000000,,,9000,UNITED STATES,VIRGINIA,2010,MONTHLY,04,04,APR,,2012-01-01 00:00:00,"2,213,000",
SURVEY,ANIMALS & PRODUCTS,POULTRY,TURKEYS,YOUNG,ALL PRODUCTION PRACTICES,"SLAUGHTER, FI",SLAUGHTERED,HEAD,"TURKEYS, YOUNG, SLAUGHTER, FI - SLAUGHTERED, MEASURED IN HEAD",TOTAL,NOT SPECIFIED,STATE,51,51,VA,VIRGINIA,,,,,,,,00000000,,,9000,UNITED STATES,VIRGINIA,2010,MONTHLY,05,05,MAY,,2012-01-01 00:00:00,"2,068,000",
SURVEY,ANIMALS & PRODUCTS,POULTRY,TURKEYS,YOUNG,ALL PRODUCTION PRACTICES,"SLAUGHTER, FI",SLAUGHTERED,HEAD,"TURKEYS, YOUNG, SLAUGHTER, FI - SLAUGHTERED, MEASURED IN HEAD",TOTAL,NOT SPECIFIED,STATE,51,51,VA,VIRGINIA,,,,,,,,00000000,,,9000,UNITED STATES,VIRGINIA,2010,MONTHLY,06,06,JUN,,2012-01-01 00:00:00,"2,316,000",
SURVEY,ANIMALS & PRODUCTS,POULTRY,TURKEYS,YOUNG,ALL PRODUCTION PRACTICES,"SLAUGHTER, FI",SLAUGHTERED,HEAD,"TURKEYS, YOUNG, SLAUGHTER, FI - SLAUGHTERED, MEASURED IN HEAD",TOTAL,NOT SPECIFIED,STATE,51,51,VA,VIRGINIA,,,,,,,,00000000,,,9000,UNITED STATES,VIRGINIA,2010,MONTHLY,07,07,JUL,,2012-01-01 00:00:00,"2,309,000",
SURVEY,ANIMALS & PRODUCTS,POULTRY,TURKEYS,YOUNG,ALL PRODUCTION PRACTICES,"SLAUGHTER, FI",SLAUGHTERED,HEAD,"TURKEYS, YOUNG, SLAUGHTER, FI - SLAUGHTERED, MEASURED IN HEAD",TOTAL,NOT SPECIFIED,STATE,51,51,VA,VIRGINIA,,,,,,,,00000000,,,9000,UNITED STATES,VIRGINIA,2010,MONTHLY,08,08,AUG,,2012-01-01 00:00:00,"2,433,000",
SURVEY,ANIMALS & PRODUCTS,POULTRY,TURKEYS,YOUNG,ALL PRODUCTION PRACTICES,"SLAUGHTER, FI",SLAUGHTERED,HEAD,"TURKEYS, YOUNG, SLAUGHTER, FI - SLAUGHTERED, MEASURED IN HEAD",TOTAL,NOT SPECIFIED,STATE,51,51,VA,VIRGINIA,,,,,,,,00000000,,,9000,UNITED STATES,VIRGINIA,2010,MONTHLY,09,09,SEP,,2012-01-01 00:00:00,"2,388,000",
SURVEY,ANIMALS & PRODUCTS,POULTRY,TURKEYS,YOUNG,ALL PRODUCTION PRACTICES,"SLAUGHTER, FI",SLAUGHTERED,HEAD,"TURKEYS, YOUNG, SLAUGHTER, FI - SLAUGHTERED, MEASURED IN HEAD",TOTAL,NOT SPECIFIED,STATE,51,51,VA,VIRGINIA,,,,,,,,00000000,,,9000,UNITED STATES,VIRGINIA,2010,MONTHLY,10,10,OCT,,2012-01-01 00:00:00,"2,586,000",
SURVEY,ANIMALS & PRODUCTS,POULTRY,TURKEYS,YOUNG,ALL PRODUCTION PRACTICES,"SLAUGHTER, FI",SLAUGHTERED,HEAD,"TURKEYS, YOUNG, SLAUGHTER, FI - SLAUGHTERED, MEASURED IN HEAD",TOTAL,NOT SPECIFIED,STATE,51,51,VA,VIRGINIA,,,,,,,,00000000,,,9000,UNITED STATES,VIRGINIA,2010,MONTHLY,11,11,NOV,,2012-01-01 00:00:00,"2,518,000",
SURVEY,ANIMALS & PRODUCTS,POULTRY,TURKEYS,YOUNG,ALL PRODUCTION PRACTICES,"SLAUGHTER, FI",SLAUGHTERED,HEAD,"TURKEYS, YOUNG, SLAUGHTER, FI - SLAUGHTERED, MEASURED IN HEAD",TOTAL,NOT SPECIFIED,STATE,51,51,VA,VIRGINIA,,,,,,,,00000000,,,9000,UNITED STATES,VIRGINIA,2010,MONTHLY,12,12,DEC,,2012-01-01 00:00:00,"2,409,000",
SURVEY,ANIMALS & PRODUCTS,POULTRY,TURKEYS,YOUNG,ALL PRODUCTION PRACTICES,"SLAUGHTER, FI",SLAUGHTERED,HEAD,"TURKEYS, YOUNG, SLAUGHTER, FI - SLAUGHTERED, MEASURED IN HEAD",TOTAL,NOT SPECIFIED,STATE,51,51,VA,VIRGINIA,,,,,,,,00000000,,,9000,UNITED STATES,VIRGINIA,2009,ANNUAL,00,00,YEAR,,2012-01-01 00:00:00,"27,909,000",
SURVEY,ANIMALS & PRODUCTS,POULTRY,TURKEYS,YOUNG,ALL PRODUCTION PRACTICES,"SLAUGHTER, FI",SLAUGHTERED,HEAD,"TURKEYS, YOUNG, SLAUGHTER, FI - SLAUGHTERED, MEASURED IN HEAD",TOTAL,NOT SPECIFIED,STATE,51,51,VA,VIRGINIA,,,,,,,,00000000,,,9000,UNITED STATES,VIRGINIA,2009,MONTHLY,01,01,JAN,,2012-01-01 00:00:00,"2,594,000",
SURVEY,ANIMALS & PRODUCTS,POULTRY,TURKEYS,YOUNG,ALL PRODUCTION PRACTICES,"SLAUGHTER, FI",SLAUGHTERED,HEAD,"TURKEYS, YOUNG, SLAUGHTER, FI - SLAUGHTERED, MEASURED IN HEAD",TOTAL,NOT SPECIFIED,STATE,51,51,VA,VIRGINIA,,,,,,,,00000000,,,9000,UNITED STATES,VIRGINIA,2009,MONTHLY,02,02,FEB,,2012-01-01 00:00:00,"2,183,000",
SURVEY,ANIMALS & PRODUCTS,POULTRY,TURKEYS,YOUNG,ALL PRODUCTION PRACTICES,"SLAUGHTER, FI",SLAUGHTERED,HEAD,"TURKEYS, YOUNG, SLAUGHTER, FI - SLAUGHTERED, MEASURED IN HEAD",TOTAL,NOT SPECIFIED,STATE,51,51,VA,VIRGINIA,,,,,,,,00000000,,,9000,UNITED STATES,VIRGINIA,2009,MONTHLY,03,03,MAR,,2012-01-01 00:00:00,"2,146,000",
SURVEY,ANIMALS & PRODUCTS,POULTRY,TURKEYS,YOUNG,ALL PRODUCTION PRACTICES,"SLAUGHTER, FI",SLAUGHTERED,HEAD,"TURKEYS, YOUNG, SLAUGHTER, FI - SLAUGHTERED, MEASURED IN HEAD",TOTAL,NOT SPECIFIED,STATE,51,51,VA,VIRGINIA,,,,,,,,00000000,,,9000,UNITED STATES,VIRGINIA,2009,MONTHLY,04,04,APR,,2012-01-01 00:00:00,"2,235,000",
SURVEY,ANIMALS & PRODUCTS,POULTRY,TURKEYS,YOUNG,ALL PRODUCTION PRACTICES,"SLAUGHTER, FI",SLAUGHTERED,HEAD,"TURKEYS, YOUNG, SLAUGHTER, FI - SLAUGHTERED, MEASURED IN HEAD",TOTAL,NOT SPECIFIED,STATE,51,51,VA,VIRGINIA,,,,,,,,00000000,,,9000,UNITED STATES,VIRGINIA,2009,MONTHLY,05,05,MAY,,2012-01-01 00:00:00,"2,209,000",
SURVEY,ANIMALS & PRODUCTS,POULTRY,TURKEYS,YOUNG,ALL PRODUCTION PRACTICES,"SLAUGHTER, FI",SLAUGHTERED,HEAD,"TURKEYS, YOUNG, SLAUGHTER, FI - SLAUGHTERED, MEASURED IN HEAD",TOTAL,NOT SPECIFIED,STATE,51,51,VA,VIRGINIA,,,,,,,,00000000,,,9000,UNITED STATES,VIRGINIA,2009,MONTHLY,06,06,JUN,,2012-01-01 00:00:00,"2,375,000",
SURVEY,ANIMALS & PRODUCTS,POULTRY,TURKEYS,YOUNG,ALL PRODUCTION PRACTICES,"SLAUGHTER, FI",SLAUGHTERED,HEAD,"TURKEYS, YOUNG, SLAUGHTER, FI - SLAUGHTERED, MEASURED IN HEAD",TOTAL,NOT SPECIFIED,STATE,51,51,VA,VIRGINIA,,,,,,,,00000000,,,9000,UNITED STATES,VIRGINIA,2009,MONTHLY,07,07,JUL,,2012-01-01 00:00:00,"2,475,000",
SURVEY,ANIMALS & PRODUCTS,POULTRY,TURKEYS,YOUNG,ALL PRODUCTION PRACTICES,"SLAUGHTER, FI",SLAUGHTERED,HEAD,"TURKEYS, YOUNG, SLAUGHTER, FI - SLAUGHTERED, MEASURED IN HEAD",TOTAL,NOT SPECIFIED,STATE,51,51,VA,VIRGINIA,,,,,,,,00000000,,,9000,UNITED STATES,VIRGINIA,2009,MONTHLY,08,08,AUG,,2012-01-01 00:00:00,"2,177,000",
SURVEY,ANIMALS & PRODUCTS,POULTRY,TURKEYS,YOUNG,ALL PRODUCTION PRACTICES,"SLAUGHTER, FI",SLAUGHTERED,HEAD,"TURKEYS, YOUNG, SLAUGHTER, FI - SLAUGHTERED, MEASURED IN HEAD",TOTAL,NOT SPECIFIED,STATE,51,51,VA,VIRGINIA,,,,,,,,00000000,,,9000,UNITED STATES,VIRGINIA,2009,MONTHLY,09,09,SEP,,2012-01-01 00:00:00,"2,259,000",
SURVEY,ANIMALS & PRODUCTS,POULTRY,TURKEYS,YOUNG,ALL PRODUCTION PRACTICES,"SLAUGHTER, FI",SLAUGHTERED,HEAD,"TURKEYS, YOUNG, SLAUGHTER, FI - SLAUGHTERED, MEASURED IN HEAD",TOTAL,NOT SPECIFIED,STATE,51,51,VA,VIRGINIA,,,,,,,,00000000,,,9000,UNITED STATES,VIRGINIA,2009,MONTHLY,10,10,OCT,,2012-01-01 00:00:00,"2,539,000",
SURVEY,ANIMALS & PRODUCTS,POULTRY,TURKEYS,YOUNG,ALL PRODUCTION PRACTICES,"SLAUGHTER, FI",SLAUGHTERED,HEAD,"TURKEYS, YOUNG, SLAUGHTER, FI - SLAUGHTERED, MEASURED IN HEAD",TOTAL,NOT SPECIFIED,STATE,51,51,VA,VIRGINIA,,,,,,,,00000000,,,9000,UNITED STATES,VIRGINIA,2009,MONTHLY,11,11,NOV,,2012-01-01 00:00:00,"2,315,000",
SURVEY,ANIMALS & PRODUCTS,POULTRY,TURKEYS,YOUNG,ALL PRODUCTION PRACTICES,"SLAUGHTER, FI",SLAUGHTERED,HEAD,"TURKEYS, YOUNG, SLAUGHTER, FI - SLAUGHTERED, MEASURED IN HEAD",TOTAL,NOT SPECIFIED,STATE,51,51,VA,VIRGINIA,,,,,,,,00000000,,,9000,UNITED STATES,VIRGINIA,2009,MONTHLY,12,12,DEC,,2012-01-01 00:00:00,"2,402,000",
SURVEY,ANIMALS & PRODUCTS,POULTRY,TURKEYS,YOUNG,ALL PRODUCTION PRACTICES,"SLAUGHTER, FI",SLAUGHTERED,HEAD,"TURKEYS, YOUNG, SLAUGHTER, FI - SLAUGHTERED, MEASURED IN HEAD",TOTAL,NOT SPECIFIED,STATE,51,51,VA,VIRGINIA,,,,,,,,00000000,,,9000,UNITED STATES,VIRGINIA,2008,ANNUAL,00,00,YEAR,,2012-01-01 00:00:00,"29,025,000",
SURVEY,ANIMALS & PRODUCTS,POULTRY,TURKEYS,YOUNG,ALL PRODUCTION PRACTICES,"SLAUGHTER, FI",SLAUGHTERED,HEAD,"TURKEYS, YOUNG, SLAUGHTER, FI - SLAUGHTERED, MEASURED IN HEAD",TOTAL,NOT SPECIFIED,STATE,51,51,VA,VIRGINIA,,,,,,,,00000000,,,9000,UNITED STATES,VIRGINIA,2003,ANNUAL,00,00,YEAR,,2012-01-01 00:00:00,"35,248,000",
SURVEY,ANIMALS & PRODUCTS,POULTRY,TURKEYS,YOUNG,ALL PRODUCTION PRACTICES,"SLAUGHTER, FI",SLAUGHTERED,HEAD,"TURKEYS, YOUNG, SLAUGHTER, FI - SLAUGHTERED, MEASURED IN HEAD",TOTAL,NOT SPECIFIED,STATE,51,51,VA,VIRGINIA,,,,,,,,00000000,,,9000,UNITED STATES,VIRGINIA,2002,ANNUAL,00,00,YEAR,,2012-01-01 00:00:00,"33,964,000",
SURVEY,ANIMALS & PRODUCTS,POULTRY,TURKEYS,YOUNG,ALL PRODUCTION PRACTICES,"SLAUGHTER, FI",SLAUGHTERED,HEAD,"TURKEYS, YOUNG, SLAUGHTER, FI - SLAUGHTERED, MEASURED IN HEAD",TOTAL,NOT SPECIFIED,STATE,51,51,VA,VIRGINIA,,,,,,,,00000000,,,9000,UNITED STATES,VIRGINIA,2002,MONTHLY,01,01,JAN,,2012-01-01 00:00:00,"3,346,000",
SURVEY,ANIMALS & PRODUCTS,POULTRY,TURKEYS,YOUNG,ALL PRODUCTION PRACTICES,"SLAUGHTER, FI",SLAUGHTERED,HEAD,"TURKEYS, YOUNG, SLAUGHTER, FI - SLAUGHTERED, MEASURED IN HEAD",TOTAL,NOT SPECIFIED,STATE,51,51,VA,VIRGINIA,,,,,,,,00000000,,,9000,UNITED STATES,VIRGINIA,2002,MONTHLY,02,02,FEB,,2012-01-01 00:00:00,"3,077,000",
SURVEY,ANIMALS & PRODUCTS,POULTRY,TURKEYS,YOUNG,ALL PRODUCTION PRACTICES,"SLAUGHTER, FI",SLAUGHTERED,HEAD,"TURKEYS, YOUNG, SLAUGHTER, FI - SLAUGHTERED, MEASURED IN HEAD",TOTAL,NOT SPECIFIED,STATE,51,51,VA,VIRGINIA,,,,,,,,00000000,,,9000,UNITED STATES,VIRGINIA,2002,MONTHLY,03,03,MAR,,2012-01-01 00:00:00,"2,855,000",
SURVEY,ANIMALS & PRODUCTS,POULTRY,TURKEYS,YOUNG,ALL PRODUCTION PRACTICES,"SLAUGHTER, FI",SLAUGHTERED,HEAD,"TURKEYS, YOUNG, SLAUGHTER, FI - SLAUGHTERED, MEASURED IN HEAD",TOTAL,NOT SPECIFIED,STATE,51,51,VA,VIRGINIA,,,,,,,,00000000,,,9000,UNITED STATES,VIRGINIA,2002,MONTHLY,04,04,APR,,2012-01-01 00:00:00,"3,292,000",
SURVEY,ANIMALS & PRODUCTS,POULTRY,TURKEYS,YOUNG,ALL PRODUCTION PRACTICES,"SLAUGHTER, FI",SLAUGHTERED,HEAD,"TURKEYS, YOUNG, SLAUGHTER, FI - SLAUGHTERED, MEASURED IN HEAD",TOTAL,NOT SPECIFIED,STATE,51,51,VA,VIRGINIA,,,,,,,,00000000,,,9000,UNITED STATES,VIRGINIA,2002,MONTHLY,06,06,JUN,,2012-01-01 00:00:00,"2,165,000",
SURVEY,ANIMALS & PRODUCTS,POULTRY,TURKEYS,YOUNG,ALL PRODUCTION PRACTICES,"SLAUGHTER, FI",SLAUGHTERED,HEAD,"TURKEYS, YOUNG, SLAUGHTER, FI - SLAUGHTERED, MEASURED IN HEAD",TOTAL,NOT SPECIFIED,STATE,51,51,VA,VIRGINIA,,,,,,,,00000000,,,9000,UNITED STATES,VIRGINIA,2002,MONTHLY,07,07,JUL,,2012-01-01 00:00:00,"2,615,000",
SURVEY,ANIMALS & PRODUCTS,POULTRY,TURKEYS,YOUNG,ALL PRODUCTION PRACTICES,"SLAUGHTER, FI",SLAUGHTERED,HEAD,"TURKEYS, YOUNG, SLAUGHTER, FI - SLAUGHTERED, MEASURED IN HEAD",TOTAL,NOT SPECIFIED,STATE,51,51,VA,VIRGINIA,,,,,,,,00000000,,,9000,UNITED STATES,VIRGINIA,2002,MONTHLY,08,08,AUG,,2012-01-01 00:00:00,"2,695,000",
SURVEY,ANIMALS & PRODUCTS,POULTRY,TURKEYS,YOUNG,ALL PRODUCTION PRACTICES,"SLAUGHTER, FI",SLAUGHTERED,HEAD,"TURKEYS, YOUNG, SLAUGHTER, FI - SLAUGHTERED, MEASURED IN HEAD",TOTAL,NOT SPECIFIED,STATE,51,51,VA,VIRGINIA,,,,,,,,00000000,,,9000,UNITED STATES,VIRGINIA,2002,MONTHLY,09,09,SEP,,2012-01-01 00:00:00,"2,610,000",
SURVEY,ANIMALS & PRODUCTS,POULTRY,TURKEYS,YOUNG,ALL PRODUCTION PRACTICES,"SLAUGHTER, FI",SLAUGHTERED,HEAD,"TURKEYS, YOUNG, SLAUGHTER, FI - SLAUGHTERED, MEASURED IN HEAD",TOTAL,NOT SPECIFIED,STATE,51,51,VA,VIRGINIA,,,,,,,,00000000,,,9000,UNITED STATES,VIRGINIA,2002,MONTHLY,10,10,OCT,,2012-01-01 00:00:00,"3,140,000",
SURVEY,ANIMALS & PRODUCTS,POULTRY,TURKEYS,YOUNG,ALL PRODUCTION PRACTICES,"SLAUGHTER, FI",SLAUGHTERED,HEAD,"TURKEYS, YOUNG, SLAUGHTER, FI - SLAUGHTERED, MEASURED IN HEAD",TOTAL,NOT SPECIFIED,STATE,51,51,VA,VIRGINIA,,,,,,,,00000000,,,9000,UNITED STATES,VIRGINIA,2001,ANNUAL,00,00,YEAR,,2012-01-01 00:00:00,"37,071,000",
SURVEY,ANIMALS & PRODUCTS,POULTRY,TURKEYS,YOUNG,ALL PRODUCTION PRACTICES,"SLAUGHTER, FI",SLAUGHTERED,HEAD,"TURKEYS, YOUNG, SLAUGHTER, FI - SLAUGHTERED, MEASURED IN HEAD",TOTAL,NOT SPECIFIED,STATE,51,51,VA,VIRGINIA,,,,,,,,00000000,,,9000,UNITED STATES,VIRGINIA,2001,MONTHLY,01,01,JAN,,2012-01-01 00:00:00,"3,111,000",
SURVEY,ANIMALS & PRODUCTS,POULTRY,TURKEYS,YOUNG,ALL PRODUCTION PRACTICES,"SLAUGHTER, FI",SLAUGHTERED,HEAD,"TURKEYS, YOUNG, SLAUGHTER, FI - SLAUGHTERED, MEASURED IN HEAD",TOTAL,NOT SPECIFIED,STATE,51,51,VA,VIRGINIA,,,,,,,,00000000,,,9000,UNITED STATES,VIRGINIA,2001,MONTHLY,02,02,FEB,,2012-01-01 00:00:00,"2,819,000",
SURVEY,ANIMALS & PRODUCTS,POULTRY,TURKEYS,YOUNG,ALL PRODUCTION PRACTICES,"SLAUGHTER, FI",SLAUGHTERED,HEAD,"TURKEYS, YOUNG, SLAUGHTER, FI - SLAUGHTERED, MEASURED IN HEAD",TOTAL,NOT SPECIFIED,STATE,51,51,VA,VIRGINIA,,,,,,,,00000000,,,9000,UNITED STATES,VIRGINIA,2001,MONTHLY,03,03,MAR,,2012-01-01 00:00:00,"3,069,000",
SURVEY,ANIMALS & PRODUCTS,POULTRY,TURKEYS,YOUNG,ALL PRODUCTION PRACTICES,"SLAUGHTER, FI",SLAUGHTERED,HEAD,"TURKEYS, YOUNG, SLAUGHTER, FI - SLAUGHTERED, MEASURED IN HEAD",TOTAL,NOT SPECIFIED,STATE,51,51,VA,VIRGINIA,,,,,,,,00000000,,,9000,UNITED STATES,VIRGINIA,2001,MONTHLY,04,04,APR,,2012-01-01 00:00:00,"2,826,000",
SURVEY,ANIMALS & PRODUCTS,POULTRY,TURKEYS,YOUNG,ALL PRODUCTION PRACTICES,"SLAUGHTER, FI",SLAUGHTERED,HEAD,"TURKEYS, YOUNG, SLAUGHTER, FI - SLAUGHTERED, MEASURED IN HEAD",TOTAL,NOT SPECIFIED,STATE,51,51,VA,VIRGINIA,,,,,,,,00000000,,,9000,UNITED STATES,VIRGINIA,2001,MONTHLY,05,05,MAY,,2012-01-01 00:00:00,"3,195,000",
SURVEY,ANIMALS & PRODUCTS,POULTRY,TURKEYS,YOUNG,ALL PRODUCTION PRACTICES,"SLAUGHTER, FI",SLAUGHTERED,HEAD,"TURKEYS, YOUNG, SLAUGHTER, FI - SLAUGHTERED, MEASURED IN HEAD",TOTAL,NOT SPECIFIED,STATE,51,51,VA,VIRGINIA,,,,,,,,00000000,,,9000,UNITED STATES,VIRGINIA,2001,MONTHLY,06,06,JUN,,2012-01-01 00:00:00,"3,076,000",
SURVEY,ANIMALS & PRODUCTS,POULTRY,TURKEYS,YOUNG,ALL PRODUCTION PRACTICES,"SLAUGHTER, FI",SLAUGHTERED,HEAD,"TURKEYS, YOUNG, SLAUGHTER, FI - SLAUGHTERED, MEASURED IN HEAD",TOTAL,NOT SPECIFIED,STATE,51,51,VA,VIRGINIA,,,,,,,,00000000,,,9000,UNITED STATES,VIRGINIA,2001,MONTHLY,07,07,JUL,,2012-01-01 00:00:00,"3,037,000",
SURVEY,ANIMALS & PRODUCTS,POULTRY,TURKEYS,YOUNG,ALL PRODUCTION PRACTICES,"SLAUGHTER, FI",SLAUGHTERED,HEAD,"TURKEYS, YOUNG, SLAUGHTER, FI - SLAUGHTERED, MEASURED IN HEAD",TOTAL,NOT SPECIFIED,STATE,51,51,VA,VIRGINIA,,,,,,,,00000000,,,9000,UNITED STATES,VIRGINIA,2001,MONTHLY,08,08,AUG,,2012-01-01 00:00:00,"3,335,000",
SURVEY,ANIMALS & PRODUCTS,POULTRY,TURKEYS,YOUNG,ALL PRODUCTION PRACTICES,"SLAUGHTER, FI",SLAUGHTERED,HEAD,"TURKEYS, YOUNG, SLAUGHTER, FI - SLAUGHTERED, MEASURED IN HEAD",TOTAL,NOT SPECIFIED,STATE,51,51,VA,VIRGINIA,,,,,,,,00000000,,,9000,UNITED STATES,VIRGINIA,2001,MONTHLY,09,09,SEP,,2012-01-01 00:00:00,"2,902,000",
SURVEY,ANIMALS & PRODUCTS,POULTRY,TURKEYS,YOUNG,ALL PRODUCTION PRACTICES,"SLAUGHTER, FI",SLAUGHTERED,HEAD,"TURKEYS, YOUNG, SLAUGHTER, FI - SLAUGHTERED, MEASURED IN HEAD",TOTAL,NOT SPECIFIED,STATE,51,51,VA,VIRGINIA,,,,,,,,00000000,,,9000,UNITED STATES,VIRGINIA,2001,MONTHLY,10,10,OCT,,2012-01-01 00:00:00,"3,759,000",
SURVEY,ANIMALS & PRODUCTS,POULTRY,TURKEYS,YOUNG,ALL PRODUCTION PRACTICES,"SLAUGHTER, FI",SLAUGHTERED,HEAD,"TURKEYS, YOUNG, SLAUGHTER, FI - SLAUGHTERED, MEASURED IN HEAD",TOTAL,NOT SPECIFIED,STATE,51,51,VA,VIRGINIA,,,,,,,,00000000,,,9000,UNITED STATES,VIRGINIA,2001,MONTHLY,11,11,NOV,,2012-01-01 00:00:00,"3,252,000",
SURVEY,ANIMALS & PRODUCTS,POULTRY,TURKEYS,YOUNG,ALL PRODUCTION PRACTICES,"SLAUGHTER, FI",SLAUGHTERED,HEAD,"TURKEYS, YOUNG, SLAUGHTER, FI - SLAUGHTERED, MEASURED IN HEAD",TOTAL,NOT SPECIFIED,STATE,51,51,VA,VIRGINIA,,,,,,,,00000000,,,9000,UNITED STATES,VIRGINIA,2001,MONTHLY,12,12,DEC,,2012-01-01 00:00:00,"2,690,000",
SURVEY,ANIMALS & PRODUCTS,POULTRY,TURKEYS,YOUNG,ALL PRODUCTION PRACTICES,"SLAUGHTER, FI",SLAUGHTERED,HEAD,"TURKEYS, YOUNG, SLAUGHTER, FI - SLAUGHTERED, MEASURED IN HEAD",TOTAL,NOT SPECIFIED,STATE,51,51,VA,VIRGINIA,,,,,,,,00000000,,,9000,UNITED STATES,VIRGINIA,2000,MONTHLY,01,01,JAN,,2012-01-01 00:00:00,"2,892,000",
SURVEY,ANIMALS & PRODUCTS,POULTRY,TURKEYS,YOUNG,ALL PRODUCTION PRACTICES,"SLAUGHTER, FI",SLAUGHTERED,HEAD,"TURKEYS, YOUNG, SLAUGHTER, FI - SLAUGHTERED, MEASURED IN HEAD",TOTAL,NOT SPECIFIED,STATE,51,51,VA,VIRGINIA,,,,,,,,00000000,,,9000,UNITED STATES,VIRGINIA,2000,MONTHLY,02,02,FEB,,2012-01-01 00:00:00,"3,003,000",
SURVEY,ANIMALS & PRODUCTS,POULTRY,TURKEYS,YOUNG,ALL PRODUCTION PRACTICES,"SLAUGHTER, FI",SLAUGHTERED,HEAD,"TURKEYS, YOUNG, SLAUGHTER, FI - SLAUGHTERED, MEASURED IN HEAD",TOTAL,NOT SPECIFIED,STATE,51,51,VA,VIRGINIA,,,,,,,,00000000,,,9000,UNITED STATES,VIRGINIA,2000,MONTHLY,03,03,MAR,,2012-01-01 00:00:00,"3,166,000",
SURVEY,ANIMALS & PRODUCTS,POULTRY,TURKEYS,YOUNG,ALL PRODUCTION PRACTICES,"SLAUGHTER, FI",SLAUGHTERED,HEAD,"TURKEYS, YOUNG, SLAUGHTER, FI - SLAUGHTERED, MEASURED IN HEAD",TOTAL,NOT SPECIFIED,STATE,51,51,VA,VIRGINIA,,,,,,,,00000000,,,9000,UNITED STATES,VIRGINIA,2000,MONTHLY,04,04,APR,,2012-01-01 00:00:00,"2,807,000",
SURVEY,ANIMALS & PRODUCTS,POULTRY,TURKEYS,YOUNG,ALL PRODUCTION PRACTICES,"SLAUGHTER, FI",SLAUGHTERED,HEAD,"TURKEYS, YOUNG, SLAUGHTER, FI - SLAUGHTERED, MEASURED IN HEAD",TOTAL,NOT SPECIFIED,STATE,51,51,VA,VIRGINIA,,,,,,,,00000000,,,9000,UNITED STATES,VIRGINIA,2000,MONTHLY,05,05,MAY,,2012-01-01 00:00:00,"3,189,000",
SURVEY,ANIMALS & PRODUCTS,POULTRY,TURKEYS,YOUNG,ALL PRODUCTION PRACTICES,"SLAUGHTER, FI",SLAUGHTERED,HEAD,"TURKEYS, YOUNG, SLAUGHTER, FI - SLAUGHTERED, MEASURED IN HEAD",TOTAL,NOT SPECIFIED,STATE,51,51,VA,VIRGINIA,,,,,,,,00000000,,,9000,UNITED STATES,VIRGINIA,2000,MONTHLY,07,07,JUL,,2012-01-01 00:00:00,"2,903,000",
SURVEY,ANIMALS & PRODUCTS,POULTRY,TURKEYS,YOUNG,ALL PRODUCTION PRACTICES,"SLAUGHTER, FI",SLAUGHTERED,HEAD,"TURKEYS, YOUNG, SLAUGHTER, FI - SLAUGHTERED, MEASURED IN HEAD",TOTAL,NOT SPECIFIED,STATE,51,51,VA,VIRGINIA,,,,,,,,00000000,,,9000,UNITED STATES,VIRGINIA,2000,MONTHLY,09,09,SEP,,2012-01-01 00:00:00,"2,977,000",
SURVEY,ANIMALS & PRODUCTS,POULTRY,TURKEYS,YOUNG,ALL PRODUCTION PRACTICES,"SLAUGHTER, FI",SLAUGHTERED,HEAD,"TURKEYS, YOUNG, SLAUGHTER, FI - SLAUGHTERED, MEASURED IN HEAD",TOTAL,NOT SPECIFIED,STATE,51,51,VA,VIRGINIA,,,,,,,,00000000,,,9000,UNITED STATES,VIRGINIA,2000,MONTHLY,10,10,OCT,,2012-01-01 00:00:00,"3,402,000",
SURVEY,ANIMALS & PRODUCTS,POULTRY,TURKEYS,YOUNG,ALL PRODUCTION PRACTICES,"SLAUGHTER, FI",SLAUGHTERED,HEAD,"TURKEYS, YOUNG, SLAUGHTER, FI - SLAUGHTERED, MEASURED IN HEAD",TOTAL,NOT SPECIFIED,STATE,51,51,VA,VIRGINIA,,,,,,,,00000000,,,9000,UNITED STATES,VIRGINIA,2000,MONTHLY,11,11,NOV,,2012-01-01 00:00:00,"3,107,000",
SURVEY,ANIMALS & PRODUCTS,POULTRY,TURKEYS,YOUNG,ALL PRODUCTION PRACTICES,"SLAUGHTER, FI",SLAUGHTERED,HEAD,"TURKEYS, YOUNG, SLAUGHTER, FI - SLAUGHTERED, MEASURED IN HEAD",TOTAL,NOT SPECIFIED,STATE,51,51,VA,VIRGINIA,,,,,,,,00000000,,,9000,UNITED STATES,VIRGINIA,2000,MONTHLY,12,12,DEC,,2012-01-01 00:00:00,"2,811,000",
SURVEY,ANIMALS & PRODUCTS,POULTRY,TURKEYS,YOUNG,ALL PRODUCTION PRACTICES,"SLAUGHTER, FI",SLAUGHTERED,HEAD,"TURKEYS, YOUNG, SLAUGHTER, FI - SLAUGHTERED, MEASURED IN HEAD",TOTAL,NOT SPECIFIED,STATE,51,51,VA,VIRGINIA,,,,,,,,00000000,,,9000,UNITED STATES,VIRGINIA,1999,MONTHLY,01,01,JAN,,2012-01-01 00:00:00,"3,081,000",
SURVEY,ANIMALS & PRODUCTS,POULTRY,TURKEYS,YOUNG,ALL PRODUCTION PRACTICES,"SLAUGHTER, FI",SLAUGHTERED,HEAD,"TURKEYS, YOUNG, SLAUGHTER, FI - SLAUGHTERED, MEASURED IN HEAD",TOTAL,NOT SPECIFIED,STATE,51,51,VA,VIRGINIA,,,,,,,,00000000,,,9000,UNITED STATES,VIRGINIA,1999,MONTHLY,02,02,FEB,,2012-01-01 00:00:00,"3,001,000",
SURVEY,ANIMALS & PRODUCTS,POULTRY,TURKEYS,YOUNG,ALL PRODUCTION PRACTICES,"SLAUGHTER, FI",SLAUGHTERED,HEAD,"TURKEYS, YOUNG, SLAUGHTER, FI - SLAUGHTERED, MEASURED IN HEAD",TOTAL,NOT SPECIFIED,STATE,51,51,VA,VIRGINIA,,,,,,,,00000000,,,9000,UNITED STATES,VIRGINIA,1999,MONTHLY,03,03,MAR,,2012-01-01 00:00:00,"3,307,000",
SURVEY,ANIMALS & PRODUCTS,POULTRY,TURKEYS,YOUNG,ALL PRODUCTION PRACTICES,"SLAUGHTER, FI",SLAUGHTERED,HEAD,"TURKEYS, YOUNG, SLAUGHTER, FI - SLAUGHTERED, MEASURED IN HEAD",TOTAL,NOT SPECIFIED,STATE,51,51,VA,VIRGINIA,,,,,,,,00000000,,,9000,UNITED STATES,VIRGINIA,1999,MONTHLY,04,04,APR,,2012-01-01 00:00:00,"3,223,000",
SURVEY,ANIMALS & PRODUCTS,POULTRY,TURKEYS,YOUNG,ALL PRODUCTION PRACTICES,"SLAUGHTER, FI",SLAUGHTERED,HEAD,"TURKEYS, YOUNG, SLAUGHTER, FI - SLAUGHTERED, MEASURED IN HEAD",TOTAL,NOT SPECIFIED,STATE,51,51,VA,VIRGINIA,,,,,,,,00000000,,,9000,UNITED STATES,VIRGINIA,1999,MONTHLY,05,05,MAY,,2012-01-01 00:00:00,"3,038,000",
SURVEY,ANIMALS & PRODUCTS,POULTRY,TURKEYS,YOUNG,ALL PRODUCTION PRACTICES,"SLAUGHTER, FI",SLAUGHTERED,HEAD,"TURKEYS, YOUNG, SLAUGHTER, FI - SLAUGHTERED, MEASURED IN HEAD",TOTAL,NOT SPECIFIED,STATE,51,51,VA,VIRGINIA,,,,,,,,00000000,,,9000,UNITED STATES,VIRGINIA,1999,MONTHLY,06,06,JUN,,2012-01-01 00:00:00,"2,757,000",
SURVEY,ANIMALS & PRODUCTS,POULTRY,TURKEYS,YOUNG,ALL PRODUCTION PRACTICES,"SLAUGHTER, FI",SLAUGHTERED,HEAD,"TURKEYS, YOUNG, SLAUGHTER, FI - SLAUGHTERED, MEASURED IN HEAD",TOTAL,NOT SPECIFIED,STATE,51,51,VA,VIRGINIA,,,,,,,,00000000,,,9000,UNITED STATES,VIRGINIA,1999,MONTHLY,07,07,JUL,,2012-01-01 00:00:00,"2,940,000",
SURVEY,ANIMALS & PRODUCTS,POULTRY,TURKEYS,YOUNG,ALL PRODUCTION PRACTICES,"SLAUGHTER, FI",SLAUGHTERED,HEAD,"TURKEYS, YOUNG, SLAUGHTER, FI - SLAUGHTERED, MEASURED IN HEAD",TOTAL,NOT SPECIFIED,STATE,51,51,VA,VIRGINIA,,,,,,,,00000000,,,9000,UNITED STATES,VIRGINIA,1999,MONTHLY,08,08,AUG,,2012-01-01 00:00:00,"3,093,000",
SURVEY,ANIMALS & PRODUCTS,POULTRY,TURKEYS,YOUNG,ALL PRODUCTION PRACTICES,"SLAUGHTER, FI",SLAUGHTERED,HEAD,"TURKEYS, YOUNG, SLAUGHTER, FI - SLAUGHTERED, MEASURED IN HEAD",TOTAL,NOT SPECIFIED,STATE,51,51,VA,VIRGINIA,,,,,,,,00000000,,,9000,UNITED STATES,VIRGINIA,1999,MONTHLY,09,09,SEP,,2012-01-01 00:00:00,"3,147,000",
SURVEY,ANIMALS & PRODUCTS,POULTRY,TURKEYS,YOUNG,ALL PRODUCTION PRACTICES,"SLAUGHTER, FI",SLAUGHTERED,HEAD,"TURKEYS, YOUNG, SLAUGHTER, FI - SLAUGHTERED, MEASURED IN HEAD",TOTAL,NOT SPECIFIED,STATE,51,51,VA,VIRGINIA,,,,,,,,00000000,,,9000,UNITED STATES,VIRGINIA,1999,MONTHLY,10,10,OCT,,2012-01-01 00:00:00,"3,257,000",
SURVEY,ANIMALS & PRODUCTS,POULTRY,TURKEYS,YOUNG,ALL PRODUCTION PRACTICES,"SLAUGHTER, FI",SLAUGHTERED,HEAD,"TURKEYS, YOUNG, SLAUGHTER, FI - SLAUGHTERED, MEASURED IN HEAD",TOTAL,NOT SPECIFIED,STATE,51,51,VA,VIRGINIA,,,,,,,,00000000,,,9000,UNITED STATES,VIRGINIA,1999,MONTHLY,11,11,NOV,,2012-01-01 00:00:00,"3,248,000",
SURVEY,ANIMALS & PRODUCTS,POULTRY,TURKEYS,YOUNG,ALL PRODUCTION PRACTICES,"SLAUGHTER, FI",SLAUGHTERED,HEAD,"TURKEYS, YOUNG, SLAUGHTER, FI - SLAUGHTERED, MEASURED IN HEAD",TOTAL,NOT SPECIFIED,STATE,51,51,VA,VIRGINIA,,,,,,,,00000000,,,9000,UNITED STATES,VIRGINIA,1999,MONTHLY,12,12,DEC,,2012-01-01 00:00:00,"3,041,000",
SURVEY,ANIMALS & PRODUCTS,POULTRY,TURKEYS,YOUNG,ALL PRODUCTION PRACTICES,"SLAUGHTER, FI",SLAUGHTERED,HEAD,"TURKEYS, YOUNG, SLAUGHTER, FI - SLAUGHTERED, MEASURED IN HEAD",TOTAL,NOT SPECIFIED,STATE,51,51,VA,VIRGINIA,,,,,,,,00000000,,,9000,UNITED STATES,VIRGINIA,1998,MONTHLY,01,01,JAN,,2012-01-01 00:00:00,"3,035,000",
SURVEY,ANIMALS & PRODUCTS,POULTRY,TURKEYS,YOUNG,ALL PRODUCTION PRACTICES,"SLAUGHTER, FI",SLAUGHTERED,HEAD,"TURKEYS, YOUNG, SLAUGHTER, FI - SLAUGHTERED, MEASURED IN HEAD",TOTAL,NOT SPECIFIED,STATE,51,51,VA,VIRGINIA,,,,,,,,00000000,,,9000,UNITED STATES,VIRGINIA,1998,MONTHLY,02,02,FEB,,2012-01-01 00:00:00,"2,430,000",
SURVEY,ANIMALS & PRODUCTS,POULTRY,TURKEYS,YOUNG,ALL PRODUCTION PRACTICES,"SLAUGHTER, FI",SLAUGHTERED,HEAD,"TURKEYS, YOUNG, SLAUGHTER, FI - SLAUGHTERED, MEASURED IN HEAD",TOTAL,NOT SPECIFIED,STATE,51,51,VA,VIRGINIA,,,,,,,,00000000,,,9000,UNITED STATES,VIRGINIA,1998,MONTHLY,03,03,MAR,,2012-01-01 00:00:00,"2,734,000",
SURVEY,ANIMALS & PRODUCTS,POULTRY,TURKEYS,YOUNG,ALL PRODUCTION PRACTICES,"SLAUGHTER, FI",SLAUGHTERED,HEAD,"TURKEYS, YOUNG, SLAUGHTER, FI - SLAUGHTERED, MEASURED IN HEAD",TOTAL,NOT SPECIFIED,STATE,51,51,VA,VIRGINIA,,,,,,,,00000000,,,9000,UNITED STATES,VIRGINIA,1998,MONTHLY,04,04,APR,,2012-01-01 00:00:00,"2,732,000",
SURVEY,ANIMALS & PRODUCTS,POULTRY,TURKEYS,YOUNG,ALL PRODUCTION PRACTICES,"SLAUGHTER, FI",SLAUGHTERED,HEAD,"TURKEYS, YOUNG, SLAUGHTER, FI - SLAUGHTERED, MEASURED IN HEAD",TOTAL,NOT SPECIFIED,STATE,51,51,VA,VIRGINIA,,,,,,,,00000000,,,9000,UNITED STATES,VIRGINIA,1998,MONTHLY,05,05,MAY,,2012-01-01 00:00:00,"2,396,000",
SURVEY,ANIMALS & PRODUCTS,POULTRY,TURKEYS,YOUNG,ALL PRODUCTION PRACTICES,"SLAUGHTER, FI",SLAUGHTERED,HEAD,"TURKEYS, YOUNG, SLAUGHTER, FI - SLAUGHTERED, MEASURED IN HEAD",TOTAL,NOT SPECIFIED,STATE,51,51,VA,VIRGINIA,,,,,,,,00000000,,,9000,UNITED STATES,VIRGINIA,1998,MONTHLY,06,06,JUN,,2012-01-01 00:00:00,"3,025,000",
SURVEY,ANIMALS & PRODUCTS,POULTRY,TURKEYS,YOUNG,ALL PRODUCTION PRACTICES,"SLAUGHTER, FI",SLAUGHTERED,HEAD,"TURKEYS, YOUNG, SLAUGHTER, FI - SLAUGHTERED, MEASURED IN HEAD",TOTAL,NOT SPECIFIED,STATE,51,51,VA,VIRGINIA,,,,,,,,00000000,,,9000,UNITED STATES,VIRGINIA,1998,MONTHLY,09,09,SEP,,2012-01-01 00:00:00,"3,062,000",
SURVEY,ANIMALS & PRODUCTS,POULTRY,TURKEYS,YOUNG,ALL PRODUCTION PRACTICES,"SLAUGHTER, FI",SLAUGHTERED,HEAD,"TURKEYS, YOUNG, SLAUGHTER, FI - SLAUGHTERED, MEASURED IN HEAD",TOTAL,NOT SPECIFIED,STATE,51,51,VA,VIRGINIA,,,,,,,,00000000,,,9000,UNITED STATES,VIRGINIA,1998,MONTHLY,10,10,OCT,,2012-01-01 00:00:00,"3,340,000",
SURVEY,ANIMALS & PRODUCTS,POULTRY,TURKEYS,YOUNG,ALL PRODUCTION PRACTICES,"SLAUGHTER, FI",SLAUGHTERED,HEAD,"TURKEYS, YOUNG, SLAUGHTER, FI - SLAUGHTERED, MEASURED IN HEAD",TOTAL,NOT SPECIFIED,STATE,51,51,VA,VIRGINIA,,,,,,,,00000000,,,9000,UNITED STATES,VIRGINIA,1998,MONTHLY,11,11,NOV,,2012-01-01 00:00:00,"3,164,000",
SURVEY,ANIMALS & PRODUCTS,POULTRY,TURKEYS,YOUNG,ALL PRODUCTION PRACTICES,"SLAUGHTER, FI",SLAUGHTERED,HEAD,"TURKEYS, YOUNG, SLAUGHTER, FI - SLAUGHTERED, MEASURED IN HEAD",TOTAL,NOT SPECIFIED,STATE,51,51,VA,VIRGINIA,,,,,,,,00000000,,,9000,UNITED STATES,VIRGINIA,1998,MONTHLY,12,12,DEC,,2012-01-01 00:00:00,"3,236,000",
SURVEY,ANIMALS & PRODUCTS,POULTRY,TURKEYS,YOUNG,ALL PRODUCTION PRACTICES,"SLAUGHTER, FI",SLAUGHTERED,HEAD,"TURKEYS, YOUNG, SLAUGHTER, FI - SLAUGHTERED, MEASURED IN HEAD",TOTAL,NOT SPECIFIED,STATE,51,51,VA,VIRGINIA,,,,,,,,00000000,,,9000,UNITED STATES,VIRGINIA,1997,MONTHLY,01,01,JAN,,2012-01-01 00:00:00,"3,061,000",
SURVEY,ANIMALS & PRODUCTS,POULTRY,TURKEYS,YOUNG,ALL PRODUCTION PRACTICES,"SLAUGHTER, FI",SLAUGHTERED,HEAD,"TURKEYS, YOUNG, SLAUGHTER, FI - SLAUGHTERED, MEASURED IN HEAD",TOTAL,NOT SPECIFIED,STATE,51,51,VA,VIRGINIA,,,,,,,,00000000,,,9000,UNITED STATES,VIRGINIA,1997,MONTHLY,02,02,FEB,,2012-01-01 00:00:00,"2,540,000",
SURVEY,ANIMALS & PRODUCTS,POULTRY,TURKEYS,YOUNG,ALL PRODUCTION PRACTICES,"SLAUGHTER, FI",SLAUGHTERED,HEAD,"TURKEYS, YOUNG, SLAUGHTER, FI - SLAUGHTERED, MEASURED IN HEAD",TOTAL,NOT SPECIFIED,STATE,51,51,VA,VIRGINIA,,,,,,,,00000000,,,9000,UNITED STATES,VIRGINIA,1997,MONTHLY,03,03,MAR,,2012-01-01 00:00:00,"2,699,000",
SURVEY,ANIMALS & PRODUCTS,POULTRY,TURKEYS,YOUNG,ALL PRODUCTION PRACTICES,"SLAUGHTER, FI",SLAUGHTERED,HEAD,"TURKEYS, YOUNG, SLAUGHTER, FI - SLAUGHTERED, MEASURED IN HEAD",TOTAL,NOT SPECIFIED,STATE,51,51,VA,VIRGINIA,,,,,,,,00000000,,,9000,UNITED STATES,VIRGINIA,1997,MONTHLY,04,04,APR,,2012-01-01 00:00:00,"3,180,000",
SURVEY,ANIMALS & PRODUCTS,POULTRY,TURKEYS,YOUNG,ALL PRODUCTION PRACTICES,"SLAUGHTER, FI",SLAUGHTERED,HEAD,"TURKEYS, YOUNG, SLAUGHTER, FI - SLAUGHTERED, MEASURED IN HEAD",TOTAL,NOT SPECIFIED,STATE,51,51,VA,VIRGINIA,,,,,,,,00000000,,,9000,UNITED STATES,VIRGINIA,1997,MONTHLY,05,05,MAY,,2012-01-01 00:00:00,"2,851,000",
SURVEY,ANIMALS & PRODUCTS,POULTRY,TURKEYS,YOUNG,ALL PRODUCTION PRACTICES,"SLAUGHTER, FI",SLAUGHTERED,HEAD,"TURKEYS, YOUNG, SLAUGHTER, FI - SLAUGHTERED, MEASURED IN HEAD",TOTAL,NOT SPECIFIED,STATE,51,51,VA,VIRGINIA,,,,,,,,00000000,,,9000,UNITED STATES,VIRGINIA,1997,MONTHLY,06,06,JUN,,2012-01-01 00:00:00,"3,087,000",
SURVEY,ANIMALS & PRODUCTS,POULTRY,TURKEYS,YOUNG,ALL PRODUCTION PRACTICES,"SLAUGHTER, FI",SLAUGHTERED,HEAD,"TURKEYS, YOUNG, SLAUGHTER, FI - SLAUGHTERED, MEASURED IN HEAD",TOTAL,NOT SPECIFIED,STATE,51,51,VA,VIRGINIA,,,,,,,,00000000,,,9000,UNITED STATES,VIRGINIA,1997,MONTHLY,07,07,JUL,,2012-01-01 00:00:00,"3,389,000",
SURVEY,ANIMALS & PRODUCTS,POULTRY,TURKEYS,YOUNG,ALL PRODUCTION PRACTICES,"SLAUGHTER, FI",SLAUGHTERED,HEAD,"TURKEYS, YOUNG, SLAUGHTER, FI - SLAUGHTERED, MEASURED IN HEAD",TOTAL,NOT SPECIFIED,STATE,51,51,VA,VIRGINIA,,,,,,,,00000000,,,9000,UNITED STATES,VIRGINIA,1997,MONTHLY,08,08,AUG,,2012-01-01 00:00:00,"3,076,000",
SURVEY,ANIMALS & PRODUCTS,POULTRY,TURKEYS,YOUNG,ALL PRODUCTION PRACTICES,"SLAUGHTER, FI",SLAUGHTERED,HEAD,"TURKEYS, YOUNG, SLAUGHTER, FI - SLAUGHTERED, MEASURED IN HEAD",TOTAL,NOT SPECIFIED,STATE,51,51,VA,VIRGINIA,,,,,,,,00000000,,,9000,UNITED STATES,VIRGINIA,1997,MONTHLY,09,09,SEP,,2012-01-01 00:00:00,"2,981,000",
SURVEY,ANIMALS & PRODUCTS,POULTRY,TURKEYS,YOUNG,ALL PRODUCTION PRACTICES,"SLAUGHTER, FI",SLAUGHTERED,HEAD,"TURKEYS, YOUNG, SLAUGHTER, FI - SLAUGHTERED, MEASURED IN HEAD",TOTAL,NOT SPECIFIED,STATE,51,51,VA,VIRGINIA,,,,,,,,00000000,,,9000,UNITED STATES,VIRGINIA,1997,MONTHLY,10,10,OCT,,2012-01-01 00:00:00,"3,447,000",
SURVEY,ANIMALS & PRODUCTS,POULTRY,TURKEYS,YOUNG,ALL PRODUCTION PRACTICES,"SLAUGHTER, FI",SLAUGHTERED,HEAD,"TURKEYS, YOUNG, SLAUGHTER, FI - SLAUGHTERED, MEASURED IN HEAD",TOTAL,NOT SPECIFIED,STATE,51,51,VA,VIRGINIA,,,,,,,,00000000,,,9000,UNITED STATES,VIRGINIA,1997,MONTHLY,11,11,NOV,,2012-01-01 00:00:00,"2,938,000",
SURVEY,ANIMALS & PRODUCTS,POULTRY,TURKEYS,YOUNG,ALL PRODUCTION PRACTICES,"SLAUGHTER, FI",SLAUGHTERED,HEAD,"TURKEYS, YOUNG, SLAUGHTER, FI - SLAUGHTERED, MEASURED IN HEAD",TOTAL,NOT SPECIFIED,STATE,51,51,VA,VIRGINIA,,,,,,,,00000000,,,9000,UNITED STATES,VIRGINIA,1997,MONTHLY,12,12,DEC,,2012-01-01 00:00:00,"2,720,000",
SURVEY,ANIMALS & PRODUCTS,POULTRY,TURKEYS,YOUNG,ALL PRODUCTION PRACTICES,"SLAUGHTER, FI",SLAUGHTERED,HEAD,"TURKEYS, YOUNG, SLAUGHTER, FI - SLAUGHTERED, MEASURED IN HEAD",TOTAL,NOT SPECIFIED,STATE,51,51,VA,VIRGINIA,,,,,,,,00000000,,,9000,UNITED STATES,VIRGINIA,1996,MONTHLY,01,01,JAN,,2012-01-01 00:00:00,"2,937,000",
SURVEY,ANIMALS & PRODUCTS,POULTRY,TURKEYS,YOUNG,ALL PRODUCTION PRACTICES,"SLAUGHTER, FI",SLAUGHTERED,HEAD,"TURKEYS, YOUNG, SLAUGHTER, FI - SLAUGHTERED, MEASURED IN HEAD",TOTAL,NOT SPECIFIED,STATE,51,51,VA,VIRGINIA,,,,,,,,00000000,,,9000,UNITED STATES,VIRGINIA,1996,MONTHLY,02,02,FEB,,2012-01-01 00:00:00,"3,081,000",
SURVEY,ANIMALS & PRODUCTS,POULTRY,TURKEYS,YOUNG,ALL PRODUCTION PRACTICES,"SLAUGHTER, FI",SLAUGHTERED,HEAD,"TURKEYS, YOUNG, SLAUGHTER, FI - SLAUGHTERED, MEASURED IN HEAD",TOTAL,NOT SPECIFIED,STATE,51,51,VA,VIRGINIA,,,,,,,,00000000,,,9000,UNITED STATES,VIRGINIA,1996,MONTHLY,03,03,MAR,,2012-01-01 00:00:00,"3,196,000",
SURVEY,ANIMALS & PRODUCTS,POULTRY,TURKEYS,YOUNG,ALL PRODUCTION PRACTICES,"SLAUGHTER, FI",SLAUGHTERED,HEAD,"TURKEYS, YOUNG, SLAUGHTER, FI - SLAUGHTERED, MEASURED IN HEAD",TOTAL,NOT SPECIFIED,STATE,51,51,VA,VIRGINIA,,,,,,,,00000000,,,9000,UNITED STATES,VIRGINIA,1996,MONTHLY,04,04,APR,,2012-01-01 00:00:00,"3,190,000",
SURVEY,ANIMALS & PRODUCTS,POULTRY,TURKEYS,YOUNG,ALL PRODUCTION PRACTICES,"SLAUGHTER, FI",SLAUGHTERED,HEAD,"TURKEYS, YOUNG, SLAUGHTER, FI - SLAUGHTERED, MEASURED IN HEAD",TOTAL,NOT SPECIFIED,STATE,51,51,VA,VIRGINIA,,,,,,,,00000000,,,9000,UNITED STATES,VIRGINIA,1996,MONTHLY,05,05,MAY,,2012-01-01 00:00:00,"3,484,000",
SURVEY,ANIMALS & PRODUCTS,POULTRY,TURKEYS,YOUNG,ALL PRODUCTION PRACTICES,"SLAUGHTER, FI",SLAUGHTERED,HEAD,"TURKEYS, YOUNG, SLAUGHTER, FI - SLAUGHTERED, MEASURED IN HEAD",TOTAL,NOT SPECIFIED,STATE,51,51,VA,VIRGINIA,,,,,,,,00000000,,,9000,UNITED STATES,VIRGINIA,1996,MONTHLY,06,06,JUN,,2012-01-01 00:00:00,"3,078,000",
SURVEY,ANIMALS & PRODUCTS,POULTRY,TURKEYS,YOUNG,ALL PRODUCTION PRACTICES,"SLAUGHTER, FI",SLAUGHTERED,HEAD,"TURKEYS, YOUNG, SLAUGHTER, FI - SLAUGHTERED, MEASURED IN HEAD",TOTAL,NOT SPECIFIED,STATE,51,51,VA,VIRGINIA,,,,,,,,00000000,,,9000,UNITED STATES,VIRGINIA,1996,MONTHLY,07,07,JUL,,2012-01-01 00:00:00,"3,386,000",
SURVEY,ANIMALS & PRODUCTS,POULTRY,TURKEYS,YOUNG,ALL PRODUCTION PRACTICES,"SLAUGHTER, FI",SLAUGHTERED,HEAD,"TURKEYS, YOUNG, SLAUGHTER, FI - SLAUGHTERED, MEASURED IN HEAD",TOTAL,NOT SPECIFIED,STATE,51,51,VA,VIRGINIA,,,,,,,,00000000,,,9000,UNITED STATES,VIRGINIA,1996,MONTHLY,08,08,AUG,,2012-01-01 00:00:00,"3,521,000",
SURVEY,ANIMALS & PRODUCTS,POULTRY,TURKEYS,YOUNG,ALL PRODUCTION PRACTICES,"SLAUGHTER, FI",SLAUGHTERED,HEAD,"TURKEYS, YOUNG, SLAUGHTER, FI - SLAUGHTERED, MEASURED IN HEAD",TOTAL,NOT SPECIFIED,STATE,51,51,VA,VIRGINIA,,,,,,,,00000000,,,9000,UNITED STATES,VIRGINIA,1996,MONTHLY,09,09,SEP,,2012-01-01 00:00:00,"3,167,000",
SURVEY,ANIMALS & PRODUCTS,POULTRY,TURKEYS,YOUNG,ALL PRODUCTION PRACTICES,"SLAUGHTER, FI",SLAUGHTERED,HEAD,"TURKEYS, YOUNG, SLAUGHTER, FI - SLAUGHTERED, MEASURED IN HEAD",TOTAL,NOT SPECIFIED,STATE,51,51,VA,VIRGINIA,,,,,,,,00000000,,,9000,UNITED STATES,VIRGINIA,1996,MONTHLY,10,10,OCT,,2012-01-01 00:00:00,"3,329,000",
SURVEY,ANIMALS & PRODUCTS,POULTRY,TURKEYS,YOUNG,ALL PRODUCTION PRACTICES,"SLAUGHTER, FI",SLAUGHTERED,HEAD,"TURKEYS, YOUNG, SLAUGHTER, FI - SLAUGHTERED, MEASURED IN HEAD",TOTAL,NOT SPECIFIED,STATE,51,51,VA,VIRGINIA,,,,,,,,00000000,,,9000,UNITED STATES,VIRGINIA,1996,MONTHLY,11,11,NOV,,2012-01-01 00:00:00,"3,077,000",
SURVEY,ANIMALS & PRODUCTS,POULTRY,TURKEYS,YOUNG,ALL PRODUCTION PRACTICES,"SLAUGHTER, FI",SLAUGHTERED,HEAD,"TURKEYS, YOUNG, SLAUGHTER, FI - SLAUGHTERED, MEASURED IN HEAD",TOTAL,NOT SPECIFIED,STATE,51,51,VA,VIRGINIA,,,,,,,,00000000,,,9000,UNITED STATES,VIRGINIA,1996,MONTHLY,12,12,DEC,,2012-01-01 00:00:00,"3,000,000",
SURVEY,ANIMALS & PRODUCTS,POULTRY,TURKEYS,YOUNG,ALL PRODUCTION PRACTICES,"SLAUGHTER, FI",SLAUGHTERED,HEAD,"TURKEYS, YOUNG, SLAUGHTER, FI - SLAUGHTERED, MEASURED IN HEAD",TOTAL,NOT SPECIFIED,STATE,51,51,VA,VIRGINIA,,,,,,,,00000000,,,9000,UNITED STATES,VIRGINIA,1995,MONTHLY,01,01,JAN,,2012-01-01 00:00:00,"2,871,000",
SURVEY,ANIMALS & PRODUCTS,POULTRY,TURKEYS,YOUNG,ALL PRODUCTION PRACTICES,"SLAUGHTER, FI",SLAUGHTERED,HEAD,"TURKEYS, YOUNG, SLAUGHTER, FI - SLAUGHTERED, MEASURED IN HEAD",TOTAL,NOT SPECIFIED,STATE,51,51,VA,VIRGINIA,,,,,,,,00000000,,,9000,UNITED STATES,VIRGINIA,1995,MONTHLY,02,02,FEB,,2012-01-01 00:00:00,"2,700,000",
SURVEY,ANIMALS & PRODUCTS,POULTRY,TURKEYS,YOUNG,ALL PRODUCTION PRACTICES,"SLAUGHTER, FI",SLAUGHTERED,HEAD,"TURKEYS, YOUNG, SLAUGHTER, FI - SLAUGHTERED, MEASURED IN HEAD",TOTAL,NOT SPECIFIED,STATE,51,51,VA,VIRGINIA,,,,,,,,00000000,,,9000,UNITED STATES,VIRGINIA,1995,MONTHLY,03,03,MAR,,2012-01-01 00:00:00,"3,294,000",
SURVEY,ANIMALS & PRODUCTS,POULTRY,TURKEYS,YOUNG,ALL PRODUCTION PRACTICES,"SLAUGHTER, FI",SLAUGHTERED,HEAD,"TURKEYS, YOUNG, SLAUGHTER, FI - SLAUGHTERED, MEASURED IN HEAD",TOTAL,NOT SPECIFIED,STATE,51,51,VA,VIRGINIA,,,,,,,,00000000,,,9000,UNITED STATES,VIRGINIA,1995,MONTHLY,04,04,APR,,2012-01-01 00:00:00,"2,502,000",
SURVEY,ANIMALS & PRODUCTS,POULTRY,TURKEYS,YOUNG,ALL PRODUCTION PRACTICES,"SLAUGHTER, FI",SLAUGHTERED,HEAD,"TURKEYS, YOUNG, SLAUGHTER, FI - SLAUGHTERED, MEASURED IN HEAD",TOTAL,NOT SPECIFIED,STATE,51,51,VA,VIRGINIA,,,,,,,,00000000,,,9000,UNITED STATES,VIRGINIA,1995,MONTHLY,05,05,MAY,,2012-01-01 00:00:00,"3,238,000",
SURVEY,ANIMALS & PRODUCTS,POULTRY,TURKEYS,YOUNG,ALL PRODUCTION PRACTICES,"SLAUGHTER, FI",SLAUGHTERED,HEAD,"TURKEYS, YOUNG, SLAUGHTER, FI - SLAUGHTERED, MEASURED IN HEAD",TOTAL,NOT SPECIFIED,STATE,51,51,VA,VIRGINIA,,,,,,,,00000000,,,9000,UNITED STATES,VIRGINIA,1995,MONTHLY,06,06,JUN,,2012-01-01 00:00:00,"3,417,000",
SURVEY,ANIMALS & PRODUCTS,POULTRY,TURKEYS,YOUNG,ALL PRODUCTION PRACTICES,"SLAUGHTER, FI",SLAUGHTERED,HEAD,"TURKEYS, YOUNG, SLAUGHTER, FI - SLAUGHTERED, MEASURED IN HEAD",TOTAL,NOT SPECIFIED,STATE,51,51,VA,VIRGINIA,,,,,,,,00000000,,,9000,UNITED STATES,VIRGINIA,1995,MONTHLY,07,07,JUL,,2012-01-01 00:00:00,"3,024,000",
SURVEY,ANIMALS & PRODUCTS,POULTRY,TURKEYS,YOUNG,ALL PRODUCTION PRACTICES,"SLAUGHTER, FI",SLAUGHTERED,HEAD,"TURKEYS, YOUNG, SLAUGHTER, FI - SLAUGHTERED, MEASURED IN HEAD",TOTAL,NOT SPECIFIED,STATE,51,51,VA,VIRGINIA,,,,,,,,00000000,,,9000,UNITED STATES,VIRGINIA,1995,MONTHLY,08,08,AUG,,2012-01-01 00:00:00,"3,277,000",
SURVEY,ANIMALS & PRODUCTS,POULTRY,TURKEYS,YOUNG,ALL PRODUCTION PRACTICES,"SLAUGHTER, FI",SLAUGHTERED,HEAD,"TURKEYS, YOUNG, SLAUGHTER, FI - SLAUGHTERED, MEASURED IN HEAD",TOTAL,NOT SPECIFIED,STATE,51,51,VA,VIRGINIA,,,,,,,,00000000,,,9000,UNITED STATES,VIRGINIA,1995,MONTHLY,09,09,SEP,,2012-01-01 00:00:00,"3,309,000",
SURVEY,ANIMALS & PRODUCTS,POULTRY,TURKEYS,YOUNG,ALL PRODUCTION PRACTICES,"SLAUGHTER, FI",SLAUGHTERED,HEAD,"TURKEYS, YOUNG, SLAUGHTER, FI - SLAUGHTERED, MEASURED IN HEAD",TOTAL,NOT SPECIFIED,STATE,51,51,VA,VIRGINIA,,,,,,,,00000000,,,9000,UNITED STATES,VIRGINIA,1995,MONTHLY,10,10,OCT,,2012-01-01 00:00:00,"3,705,000",
SURVEY,ANIMALS & PRODUCTS,POULTRY,TURKEYS,YOUNG,ALL PRODUCTION PRACTICES,"SLAUGHTER, FI",SLAUGHTERED,HEAD,"TURKEYS, YOUNG, SLAUGHTER, FI - SLAUGHTERED, MEASURED IN HEAD",TOTAL,NOT SPECIFIED,STATE,51,51,VA,VIRGINIA,,,,,,,,00000000,,,9000,UNITED STATES,VIRGINIA,1995,MONTHLY,11,11,NOV,,2012-01-01 00:00:00,"3,087,000",
SURVEY,ANIMALS & PRODUCTS,POULTRY,TURKEYS,YOUNG,ALL PRODUCTION PRACTICES,"SLAUGHTER, FI",SLAUGHTERED,HEAD,"TURKEYS, YOUNG, SLAUGHTER, FI - SLAUGHTERED, MEASURED IN HEAD",TOTAL,NOT SPECIFIED,STATE,51,51,VA,VIRGINIA,,,,,,,,00000000,,,9000,UNITED STATES,VIRGINIA,1995,MONTHLY,12,12,DEC,,2012-01-01 00:00:00,"2,613,000",
SURVEY,ANIMALS & PRODUCTS,POULTRY,TURKEYS,YOUNG,ALL PRODUCTION PRACTICES,"SLAUGHTER, FI",SLAUGHTERED,HEAD,"TURKEYS, YOUNG, SLAUGHTER, FI - SLAUGHTERED, MEASURED IN HEAD",TOTAL,NOT SPECIFIED,STATE,51,51,VA,VIRGINIA,,,,,,,,00000000,,,9000,UNITED STATES,VIRGINIA,1994,MONTHLY,01,01,JAN,,2012-01-01 00:00:00,"2,914,000",
SURVEY,ANIMALS & PRODUCTS,POULTRY,TURKEYS,YOUNG,ALL PRODUCTION PRACTICES,"SLAUGHTER, FI",SLAUGHTERED,HEAD,"TURKEYS, YOUNG, SLAUGHTER, FI - SLAUGHTERED, MEASURED IN HEAD",TOTAL,NOT SPECIFIED,STATE,51,51,VA,VIRGINIA,,,,,,,,00000000,,,9000,UNITED STATES,VIRGINIA,1994,MONTHLY,02,02,FEB,,2012-01-01 00:00:00,"2,762,000",
SURVEY,ANIMALS & PRODUCTS,POULTRY,TURKEYS,YOUNG,ALL PRODUCTION PRACTICES,"SLAUGHTER, FI",SLAUGHTERED,HEAD,"TURKEYS, YOUNG, SLAUGHTER, FI - SLAUGHTERED, MEASURED IN HEAD",TOTAL,NOT SPECIFIED,STATE,51,51,VA,VIRGINIA,,,,,,,,00000000,,,9000,UNITED STATES,VIRGINIA,1994,MONTHLY,03,03,MAR,,2012-01-01 00:00:00,"3,057,000",
SURVEY,ANIMALS & PRODUCTS,POULTRY,TURKEYS,YOUNG,ALL PRODUCTION PRACTICES,"SLAUGHTER, FI",SLAUGHTERED,HEAD,"TURKEYS, YOUNG, SLAUGHTER, FI - SLAUGHTERED, MEASURED IN HEAD",TOTAL,NOT SPECIFIED,STATE,51,51,VA,VIRGINIA,,,,,,,,00000000,,,9000,UNITED STATES,VIRGINIA,1994,MONTHLY,04,04,APR,,2012-01-01 00:00:00,"3,053,000",
SURVEY,ANIMALS & PRODUCTS,POULTRY,TURKEYS,YOUNG,ALL PRODUCTION PRACTICES,"SLAUGHTER, FI",SLAUGHTERED,HEAD,"TURKEYS, YOUNG, SLAUGHTER, FI - SLAUGHTERED, MEASURED IN HEAD",TOTAL,NOT SPECIFIED,STATE,51,51,VA,VIRGINIA,,,,,,,,00000000,,,9000,UNITED STATES,VIRGINIA,1994,MONTHLY,05,05,MAY,,2012-01-01 00:00:00,"3,207,000",
SURVEY,ANIMALS & PRODUCTS,POULTRY,TURKEYS,YOUNG,ALL PRODUCTION PRACTICES,"SLAUGHTER, FI",SLAUGHTERED,HEAD,"TURKEYS, YOUNG, SLAUGHTER, FI - SLAUGHTERED, MEASURED IN HEAD",TOTAL,NOT SPECIFIED,STATE,51,51,VA,VIRGINIA,,,,,,,,00000000,,,9000,UNITED STATES,VIRGINIA,1994,MONTHLY,06,06,JUN,,2012-01-01 00:00:00,"3,189,000",
SURVEY,ANIMALS & PRODUCTS,POULTRY,TURKEYS,YOUNG,ALL PRODUCTION PRACTICES,"SLAUGHTER, FI",SLAUGHTERED,HEAD,"TURKEYS, YOUNG, SLAUGHTER, FI - SLAUGHTERED, MEASURED IN HEAD",TOTAL,NOT SPECIFIED,STATE,51,51,VA,VIRGINIA,,,,,,,,00000000,,,9000,UNITED STATES,VIRGINIA,1994,MONTHLY,07,07,JUL,,2012-01-01 00:00:00,"3,071,000",
SURVEY,ANIMALS & PRODUCTS,POULTRY,TURKEYS,YOUNG,ALL PRODUCTION PRACTICES,"SLAUGHTER, FI",SLAUGHTERED,HEAD,"TURKEYS, YOUNG, SLAUGHTER, FI - SLAUGHTERED, MEASURED IN HEAD",TOTAL,NOT SPECIFIED,STATE,51,51,VA,VIRGINIA,,,,,,,,00000000,,,9000,UNITED STATES,VIRGINIA,1994,MONTHLY,08,08,AUG,,2012-01-01 00:00:00,"3,680,000",
SURVEY,ANIMALS & PRODUCTS,POULTRY,TURKEYS,YOUNG,ALL PRODUCTION PRACTICES,"SLAUGHTER, FI",SLAUGHTERED,HEAD,"TURKEYS, YOUNG, SLAUGHTER, FI - SLAUGHTERED, MEASURED IN HEAD",TOTAL,NOT SPECIFIED,STATE,51,51,VA,VIRGINIA,,,,,,,,00000000,,,9000,UNITED STATES,VIRGINIA,1994,MONTHLY,09,09,SEP,,2012-01-01 00:00:00,"3,223,000",
SURVEY,ANIMALS & PRODUCTS,POULTRY,TURKEYS,YOUNG,ALL PRODUCTION PRACTICES,"SLAUGHTER, FI",SLAUGHTERED,HEAD,"TURKEYS, YOUNG, SLAUGHTER, FI - SLAUGHTERED, MEASURED IN HEAD",TOTAL,NOT SPECIFIED,STATE,51,51,VA,VIRGINIA,,,,,,,,00000000,,,9000,UNITED STATES,VIRGINIA,1994,MONTHLY,10,10,OCT,,2012-01-01 00:00:00,"3,375,000",
SURVEY,ANIMALS & PRODUCTS,POULTRY,TURKEYS,YOUNG,ALL PRODUCTION PRACTICES,"SLAUGHTER, FI",SLAUGHTERED,HEAD,"TURKEYS, YOUNG, SLAUGHTER, FI - SLAUGHTERED, MEASURED IN HEAD",TOTAL,NOT SPECIFIED,STATE,51,51,VA,VIRGINIA,,,,,,,,00000000,,,9000,UNITED STATES,VIRGINIA,1994,MONTHLY,11,11,NOV,,2012-01-01 00:00:00,"3,422,000",
SURVEY,ANIMALS & PRODUCTS,POULTRY,TURKEYS,YOUNG,ALL PRODUCTION PRACTICES,"SLAUGHTER, FI",SLAUGHTERED,HEAD,"TURKEYS, YOUNG, SLAUGHTER, FI - SLAUGHTERED, MEASURED IN HEAD",TOTAL,NOT SPECIFIED,STATE,51,51,VA,VIRGINIA,,,,,,,,00000000,,,9000,UNITED STATES,VIRGINIA,1994,MONTHLY,12,12,DEC,,2012-01-01 00:00:00,"2,830,000",
SURVEY,ANIMALS & PRODUCTS,POULTRY,TURKEYS,YOUNG,ALL PRODUCTION PRACTICES,"SLAUGHTER, FI",SLAUGHTERED,HEAD,"TURKEYS, YOUNG, SLAUGHTER, FI - SLAUGHTERED, MEASURED IN HEAD",TOTAL,NOT SPECIFIED,STATE,51,51,VA,VIRGINIA,,,,,,,,00000000,,,9000,UNITED STATES,VIRGINIA,1993,MONTHLY,01,01,JAN,,2012-01-01 00:00:00,"2,830,000",
SURVEY,ANIMALS & PRODUCTS,POULTRY,TURKEYS,YOUNG,ALL PRODUCTION PRACTICES,"SLAUGHTER, FI",SLAUGHTERED,HEAD,"TURKEYS, YOUNG, SLAUGHTER, FI - SLAUGHTERED, MEASURED IN HEAD",TOTAL,NOT SPECIFIED,STATE,51,51,VA,VIRGINIA,,,,,,,,00000000,,,9000,UNITED STATES,VIRGINIA,1993,MONTHLY,02,02,FEB,,2012-01-01 00:00:00,"2,691,000",
SURVEY,ANIMALS & PRODUCTS,POULTRY,TURKEYS,YOUNG,ALL PRODUCTION PRACTICES,"SLAUGHTER, FI",SLAUGHTERED,HEAD,"TURKEYS, YOUNG, SLAUGHTER, FI - SLAUGHTERED, MEASURED IN HEAD",TOTAL,NOT SPECIFIED,STATE,51,51,VA,VIRGINIA,,,,,,,,00000000,,,9000,UNITED STATES,VIRGINIA,1993,MONTHLY,03,03,MAR,,2012-01-01 00:00:00,"3,070,000",
SURVEY,ANIMALS & PRODUCTS,POULTRY,TURKEYS,YOUNG,ALL PRODUCTION PRACTICES,"SLAUGHTER, FI",SLAUGHTERED,HEAD,"TURKEYS, YOUNG, SLAUGHTER, FI - SLAUGHTERED, MEASURED IN HEAD",TOTAL,NOT SPECIFIED,STATE,51,51,VA,VIRGINIA,,,,,,,,00000000,,,9000,UNITED STATES,VIRGINIA,1993,MONTHLY,04,04,APR,,2012-01-01 00:00:00,"2,947,000",
SURVEY,ANIMALS & PRODUCTS,POULTRY,TURKEYS,YOUNG,ALL PRODUCTION PRACTICES,"SLAUGHTER, FI",SLAUGHTERED,HEAD,"TURKEYS, YOUNG, SLAUGHTER, FI - SLAUGHTERED, MEASURED IN HEAD",TOTAL,NOT SPECIFIED,STATE,51,51,VA,VIRGINIA,,,,,,,,00000000,,,9000,UNITED STATES,VIRGINIA,1993,MONTHLY,05,05,MAY,,2012-01-01 00:00:00,"2,726,000",
SURVEY,ANIMALS & PRODUCTS,POULTRY,TURKEYS,YOUNG,ALL PRODUCTION PRACTICES,"SLAUGHTER, FI",SLAUGHTERED,HEAD,"TURKEYS, YOUNG, SLAUGHTER, FI - SLAUGHTERED, MEASURED IN HEAD",TOTAL,NOT SPECIFIED,STATE,51,51,VA,VIRGINIA,,,,,,,,00000000,,,9000,UNITED STATES,VIRGINIA,1993,MONTHLY,06,06,JUN,,2012-01-01 00:00:00,"3,099,000",
SURVEY,ANIMALS & PRODUCTS,POULTRY,TURKEYS,YOUNG,ALL PRODUCTION PRACTICES,"SLAUGHTER, FI",SLAUGHTERED,HEAD,"TURKEYS, YOUNG, SLAUGHTER, FI - SLAUGHTERED, MEASURED IN HEAD",TOTAL,NOT SPECIFIED,STATE,51,51,VA,VIRGINIA,,,,,,,,00000000,,,9000,UNITED STATES,VIRGINIA,1993,MONTHLY,07,07,JUL,,2012-01-01 00:00:00,"3,201,000",
SURVEY,ANIMALS & PRODUCTS,POULTRY,TURKEYS,YOUNG,ALL PRODUCTION PRACTICES,"SLAUGHTER, FI",SLAUGHTERED,HEAD,"TURKEYS, YOUNG, SLAUGHTER, FI - SLAUGHTERED, MEASURED IN HEAD",TOTAL,NOT SPECIFIED,STATE,51,51,VA,VIRGINIA,,,,,,,,00000000,,,9000,UNITED STATES,VIRGINIA,1993,MONTHLY,08,08,AUG,,2012-01-01 00:00:00,"3,050,000",
SURVEY,ANIMALS & PRODUCTS,POULTRY,TURKEYS,YOUNG,ALL PRODUCTION PRACTICES,"SLAUGHTER, FI",SLAUGHTERED,HEAD,"TURKEYS, YOUNG, SLAUGHTER, FI - SLAUGHTERED, MEASURED IN HEAD",TOTAL,NOT SPECIFIED,STATE,51,51,VA,VIRGINIA,,,,,,,,00000000,,,9000,UNITED STATES,VIRGINIA,1993,MONTHLY,09,09,SEP,,2012-01-01 00:00:00,"3,130,000",
SURVEY,ANIMALS & PRODUCTS,POULTRY,TURKEYS,YOUNG,ALL PRODUCTION PRACTICES,"SLAUGHTER, FI",SLAUGHTERED,HEAD,"TURKEYS, YOUNG, SLAUGHTER, FI - SLAUGHTERED, MEASURED IN HEAD",TOTAL,NOT SPECIFIED,STATE,51,51,VA,VIRGINIA,,,,,,,,00000000,,,9000,UNITED STATES,VIRGINIA,1993,MONTHLY,10,10,OCT,,2012-01-01 00:00:00,"3,243,000",
SURVEY,ANIMALS & PRODUCTS,POULTRY,TURKEYS,YOUNG,ALL PRODUCTION PRACTICES,"SLAUGHTER, FI",SLAUGHTERED,HEAD,"TURKEYS, YOUNG, SLAUGHTER, FI - SLAUGHTERED, MEASURED IN HEAD",TOTAL,NOT SPECIFIED,STATE,51,51,VA,VIRGINIA,,,,,,,,00000000,,,9000,UNITED STATES,VIRGINIA,1993,MONTHLY,11,11,NOV,,2012-01-01 00:00:00,"3,713,000",
SURVEY,ANIMALS & PRODUCTS,POULTRY,TURKEYS,YOUNG,ALL PRODUCTION PRACTICES,"SLAUGHTER, FI",SLAUGHTERED,HEAD,"TURKEYS, YOUNG, SLAUGHTER, FI - SLAUGHTERED, MEASURED IN HEAD",TOTAL,NOT SPECIFIED,STATE,51,51,VA,VIRGINIA,,,,,,,,00000000,,,9000,UNITED STATES,VIRGINIA,1993,MONTHLY,12,12,DEC,,2012-01-01 00:00:00,"2,780,000",
SURVEY,ANIMALS & PRODUCTS,POULTRY,TURKEYS,YOUNG,ALL PRODUCTION PRACTICES,"SLAUGHTER, FI",SLAUGHTERED,HEAD,"TURKEYS, YOUNG, SLAUGHTER, FI - SLAUGHTERED, MEASURED IN HEAD",TOTAL,NOT SPECIFIED,STATE,51,51,VA,VIRGINIA,,,,,,,,00000000,,,9000,UNITED STATES,VIRGINIA,1992,MONTHLY,01,01,JAN,,2012-01-01 00:00:00,"2,798,000",
SURVEY,ANIMALS & PRODUCTS,POULTRY,TURKEYS,YOUNG,ALL PRODUCTION PRACTICES,"SLAUGHTER, FI",SLAUGHTERED,HEAD,"TURKEYS, YOUNG, SLAUGHTER, FI - SLAUGHTERED, MEASURED IN HEAD",TOTAL,NOT SPECIFIED,STATE,51,51,VA,VIRGINIA,,,,,,,,00000000,,,9000,UNITED STATES,VIRGINIA,1992,MONTHLY,02,02,FEB,,2012-01-01 00:00:00,"2,318,000",
SURVEY,ANIMALS & PRODUCTS,POULTRY,TURKEYS,YOUNG,ALL PRODUCTION PRACTICES,"SLAUGHTER, FI",SLAUGHTERED,HEAD,"TURKEYS, YOUNG, SLAUGHTER, FI - SLAUGHTERED, MEASURED IN HEAD",TOTAL,NOT SPECIFIED,STATE,51,51,VA,VIRGINIA,,,,,,,,00000000,,,9000,UNITED STATES,VIRGINIA,1992,MONTHLY,03,03,MAR,,2012-01-01 00:00:00,"2,701,000",
SURVEY,ANIMALS & PRODUCTS,POULTRY,TURKEYS,YOUNG,ALL PRODUCTION PRACTICES,"SLAUGHTER, FI",SLAUGHTERED,HEAD,"TURKEYS, YOUNG, SLAUGHTER, FI - SLAUGHTERED, MEASURED IN HEAD",TOTAL,NOT SPECIFIED,STATE,51,51,VA,VIRGINIA,,,,,,,,00000000,,,9000,UNITED STATES,VIRGINIA,1992,MONTHLY,04,04,APR,,2012-01-01 00:00:00,"2,713,000",
SURVEY,ANIMALS & PRODUCTS,POULTRY,TURKEYS,YOUNG,ALL PRODUCTION PRACTICES,"SLAUGHTER, FI",SLAUGHTERED,HEAD,"TURKEYS, YOUNG, SLAUGHTER, FI - SLAUGHTERED, MEASURED IN HEAD",TOTAL,NOT SPECIFIED,STATE,51,51,VA,VIRGINIA,,,,,,,,00000000,,,9000,UNITED STATES,VIRGINIA,1992,MONTHLY,05,05,MAY,,2012-01-01 00:00:00,"2,721,000",
SURVEY,ANIMALS & PRODUCTS,POULTRY,TURKEYS,YOUNG,ALL PRODUCTION PRACTICES,"SLAUGHTER, FI",SLAUGHTERED,HEAD,"TURKEYS, YOUNG, SLAUGHTER, FI - SLAUGHTERED, MEASURED IN HEAD",TOTAL,NOT SPECIFIED,STATE,51,51,VA,VIRGINIA,,,,,,,,00000000,,,9000,UNITED STATES,VIRGINIA,1992,MONTHLY,06,06,JUN,,2012-01-01 00:00:00,"3,042,000",
SURVEY,ANIMALS & PRODUCTS,POULTRY,TURKEYS,YOUNG,ALL PRODUCTION PRACTICES,"SLAUGHTER, FI",SLAUGHTERED,HEAD,"TURKEYS, YOUNG, SLAUGHTER, FI - SLAUGHTERED, MEASURED IN HEAD",TOTAL,NOT SPECIFIED,STATE,51,51,VA,VIRGINIA,,,,,,,,00000000,,,9000,UNITED STATES,VIRGINIA,1992,MONTHLY,07,07,JUL,,2012-01-01 00:00:00,"3,204,000",
SURVEY,ANIMALS & PRODUCTS,POULTRY,TURKEYS,YOUNG,ALL PRODUCTION PRACTICES,"SLAUGHTER, FI",SLAUGHTERED,HEAD,"TURKEYS, YOUNG, SLAUGHTER, FI - SLAUGHTERED, MEASURED IN HEAD",TOTAL,NOT SPECIFIED,STATE,51,51,VA,VIRGINIA,,,,,,,,00000000,,,9000,UNITED STATES,VIRGINIA,1992,MONTHLY,08,08,AUG,,2012-01-01 00:00:00,"2,804,000",
SURVEY,ANIMALS & PRODUCTS,POULTRY,TURKEYS,YOUNG,ALL PRODUCTION PRACTICES,"SLAUGHTER, FI",SLAUGHTERED,HEAD,"TURKEYS, YOUNG, SLAUGHTER, FI - SLAUGHTERED, MEASURED IN HEAD",TOTAL,NOT SPECIFIED,STATE,51,51,VA,VIRGINIA,,,,,,,,00000000,,,9000,UNITED STATES,VIRGINIA,1992,MONTHLY,09,09,SEP,,2012-01-01 00:00:00,"2,894,000",
SURVEY,ANIMALS & PRODUCTS,POULTRY,TURKEYS,YOUNG,ALL PRODUCTION PRACTICES,"SLAUGHTER, FI",SLAUGHTERED,HEAD,"TURKEYS, YOUNG, SLAUGHTER, FI - SLAUGHTERED, MEASURED IN HEAD",TOTAL,NOT SPECIFIED,STATE,51,51,VA,VIRGINIA,,,,,,,,00000000,,,9000,UNITED STATES,VIRGINIA,1992,MONTHLY,10,10,OCT,,2012-01-01 00:00:00,"3,151,000",
SURVEY,ANIMALS & PRODUCTS,POULTRY,TURKEYS,YOUNG,ALL PRODUCTION PRACTICES,"SLAUGHTER, FI",SLAUGHTERED,HEAD,"TURKEYS, YOUNG, SLAUGHTER, FI - SLAUGHTERED, MEASURED IN HEAD",TOTAL,NOT SPECIFIED,STATE,51,51,VA,VIRGINIA,,,,,,,,00000000,,,9000,UNITED STATES,VIRGINIA,1992,MONTHLY,11,11,NOV,,2012-01-01 00:00:00,"2,867,000",
SURVEY,ANIMALS & PRODUCTS,POULTRY,TURKEYS,YOUNG,ALL PRODUCTION PRACTICES,"SLAUGHTER, FI",SLAUGHTERED,HEAD,"TURKEYS, YOUNG, SLAUGHTER, FI - SLAUGHTERED, MEASURED IN HEAD",TOTAL,NOT SPECIFIED,STATE,51,51,VA,VIRGINIA,,,,,,,,00000000,,,9000,UNITED STATES,VIRGINIA,1992,MONTHLY,12,12,DEC,,2012-01-01 00:00:00,"2,813,000",
SURVEY,ANIMALS & PRODUCTS,POULTRY,TURKEYS,YOUNG,ALL PRODUCTION PRACTICES,"SLAUGHTER, FI",SLAUGHTERED,HEAD,"TURKEYS, YOUNG, SLAUGHTER, FI - SLAUGHTERED, MEASURED IN HEAD",TOTAL,NOT SPECIFIED,STATE,51,51,VA,VIRGINIA,,,,,,,,00000000,,,9000,UNITED STATES,VIRGINIA,1991,MONTHLY,01,01,JAN,,2012-01-01 00:00:00,"2,537,000",
SURVEY,ANIMALS & PRODUCTS,POULTRY,TURKEYS,YOUNG,ALL PRODUCTION PRACTICES,"SLAUGHTER, FI",SLAUGHTERED,HEAD,"TURKEYS, YOUNG, SLAUGHTER, FI - SLAUGHTERED, MEASURED IN HEAD",TOTAL,NOT SPECIFIED,STATE,51,51,VA,VIRGINIA,,,,,,,,00000000,,,9000,UNITED STATES,VIRGINIA,1991,MONTHLY,02,02,FEB,,2012-01-01 00:00:00,"2,326,000",
SURVEY,ANIMALS & PRODUCTS,POULTRY,TURKEYS,YOUNG,ALL PRODUCTION PRACTICES,"SLAUGHTER, FI",SLAUGHTERED,HEAD,"TURKEYS, YOUNG, SLAUGHTER, FI - SLAUGHTERED, MEASURED IN HEAD",TOTAL,NOT SPECIFIED,STATE,51,51,VA,VIRGINIA,,,,,,,,00000000,,,9000,UNITED STATES,VIRGINIA,1991,MONTHLY,03,03,MAR,,2012-01-01 00:00:00,"2,349,000",
SURVEY,ANIMALS & PRODUCTS,POULTRY,TURKEYS,YOUNG,ALL PRODUCTION PRACTICES,"SLAUGHTER, FI",SLAUGHTERED,HEAD,"TURKEYS, YOUNG, SLAUGHTER, FI - SLAUGHTERED, MEASURED IN HEAD",TOTAL,NOT SPECIFIED,STATE,51,51,VA,VIRGINIA,,,,,,,,00000000,,,9000,UNITED STATES,VIRGINIA,1991,MONTHLY,04,04,APR,,2012-01-01 00:00:00,"2,479,000",
SURVEY,ANIMALS & PRODUCTS,POULTRY,TURKEYS,YOUNG,ALL PRODUCTION PRACTICES,"SLAUGHTER, FI",SLAUGHTERED,HEAD,"TURKEYS, YOUNG, SLAUGHTER, FI - SLAUGHTERED, MEASURED IN HEAD",TOTAL,NOT SPECIFIED,STATE,51,51,VA,VIRGINIA,,,,,,,,00000000,,,9000,UNITED STATES,VIRGINIA,1991,MONTHLY,05,05,MAY,,2012-01-01 00:00:00,"2,608,000",
SURVEY,ANIMALS & PRODUCTS,POULTRY,TURKEYS,YOUNG,ALL PRODUCTION PRACTICES,"SLAUGHTER, FI",SLAUGHTERED,HEAD,"TURKEYS, YOUNG, SLAUGHTER, FI - SLAUGHTERED, MEASURED IN HEAD",TOTAL,NOT SPECIFIED,STATE,51,51,VA,VIRGINIA,,,,,,,,00000000,,,9000,UNITED STATES,VIRGINIA,1991,MONTHLY,06,06,JUN,,2012-01-01 00:00:00,"2,456,000",
SURVEY,ANIMALS & PRODUCTS,POULTRY,TURKEYS,YOUNG,ALL PRODUCTION PRACTICES,"SLAUGHTER, FI",SLAUGHTERED,HEAD,"TURKEYS, YOUNG, SLAUGHTER, FI - SLAUGHTERED, MEASURED IN HEAD",TOTAL,NOT SPECIFIED,STATE,51,51,VA,VIRGINIA,,,,,,,,00000000,,,9000,UNITED STATES,VIRGINIA,1991,MONTHLY,07,07,JUL,,2012-01-01 00:00:00,"2,569,000",
SURVEY,ANIMALS & PRODUCTS,POULTRY,TURKEYS,YOUNG,ALL PRODUCTION PRACTICES,"SLAUGHTER, FI",SLAUGHTERED,HEAD,"TURKEYS, YOUNG, SLAUGHTER, FI - SLAUGHTERED, MEASURED IN HEAD",TOTAL,NOT SPECIFIED,STATE,51,51,VA,VIRGINIA,,,,,,,,00000000,,,9000,UNITED STATES,VIRGINIA,1991,MONTHLY,08,08,AUG,,2012-01-01 00:00:00,"2,670,000",
SURVEY,ANIMALS & PRODUCTS,POULTRY,TURKEYS,YOUNG,ALL PRODUCTION PRACTICES,"SLAUGHTER, FI",SLAUGHTERED,HEAD,"TURKEYS, YOUNG, SLAUGHTER, FI - SLAUGHTERED, MEASURED IN HEAD",TOTAL,NOT SPECIFIED,STATE,51,51,VA,VIRGINIA,,,,,,,,00000000,,,9000,UNITED STATES,VIRGINIA,1991,MONTHLY,09,09,SEP,,2012-01-01 00:00:00,"2,562,000",
SURVEY,ANIMALS & PRODUCTS,POULTRY,TURKEYS,YOUNG,ALL PRODUCTION PRACTICES,"SLAUGHTER, FI",SLAUGHTERED,HEAD,"TURKEYS, YOUNG, SLAUGHTER, FI - SLAUGHTERED, MEASURED IN HEAD",TOTAL,NOT SPECIFIED,STATE,51,51,VA,VIRGINIA,,,,,,,,00000000,,,9000,UNITED STATES,VIRGINIA,1991,MONTHLY,10,10,OCT,,2012-01-01 00:00:00,"2,875,000",
SURVEY,ANIMALS & PRODUCTS,POULTRY,TURKEYS,YOUNG,ALL PRODUCTION PRACTICES,"SLAUGHTER, FI",SLAUGHTERED,HEAD,"TURKEYS, YOUNG, SLAUGHTER, FI - SLAUGHTERED, MEASURED IN HEAD",TOTAL,NOT SPECIFIED,STATE,51,51,VA,VIRGINIA,,,,,,,,00000000,,,9000,UNITED STATES,VIRGINIA,1991,MONTHLY,11,11,NOV,,2012-01-01 00:00:00,"2,748,000",
SURVEY,ANIMALS & PRODUCTS,POULTRY,TURKEYS,YOUNG,ALL PRODUCTION PRACTICES,"SLAUGHTER, FI",SLAUGHTERED,HEAD,"TURKEYS, YOUNG, SLAUGHTER, FI - SLAUGHTERED, MEASURED IN HEAD",TOTAL,NOT SPECIFIED,STATE,51,51,VA,VIRGINIA,,,,,,,,00000000,,,9000,UNITED STATES,VIRGINIA,1991,MONTHLY,12,12,DEC,,2012-01-01 00:00:00,"2,563,000",
SURVEY,ANIMALS & PRODUCTS,POULTRY,TURKEYS,YOUNG,ALL PRODUCTION PRACTICES,"SLAUGHTER, FI",SLAUGHTERED,HEAD,"TURKEYS, YOUNG, SLAUGHTER, FI - SLAUGHTERED, MEASURED IN HEAD",TOTAL,NOT SPECIFIED,STATE,51,51,VA,VIRGINIA,,,,,,,,00000000,,,9000,UNITED STATES,VIRGINIA,1990,MONTHLY,01,01,JAN,,2012-01-01 00:00:00,"2,536,000",
SURVEY,ANIMALS & PRODUCTS,POULTRY,TURKEYS,YOUNG,ALL PRODUCTION PRACTICES,"SLAUGHTER, FI",SLAUGHTERED,HEAD,"TURKEYS, YOUNG, SLAUGHTER, FI - SLAUGHTERED, MEASURED IN HEAD",TOTAL,NOT SPECIFIED,STATE,51,51,VA,VIRGINIA,,,,,,,,00000000,,,9000,UNITED STATES,VIRGINIA,1990,MONTHLY,02,02,FEB,,2012-01-01 00:00:00,"2,255,000",
SURVEY,ANIMALS & PRODUCTS,POULTRY,TURKEYS,YOUNG,ALL PRODUCTION PRACTICES,"SLAUGHTER, FI",SLAUGHTERED,HEAD,"TURKEYS, YOUNG, SLAUGHTER, FI - SLAUGHTERED, MEASURED IN HEAD",TOTAL,NOT SPECIFIED,STATE,51,51,VA,VIRGINIA,,,,,,,,00000000,,,9000,UNITED STATES,VIRGINIA,1990,MONTHLY,03,03,MAR,,2012-01-01 00:00:00,"2,639,000",
SURVEY,ANIMALS & PRODUCTS,POULTRY,TURKEYS,YOUNG,ALL PRODUCTION PRACTICES,"SLAUGHTER, FI",SLAUGHTERED,HEAD,"TURKEYS, YOUNG, SLAUGHTER, FI - SLAUGHTERED, MEASURED IN HEAD",TOTAL,NOT SPECIFIED,STATE,51,51,VA,VIRGINIA,,,,,,,,00000000,,,9000,UNITED STATES,VIRGINIA,1990,MONTHLY,04,04,APR,,2012-01-01 00:00:00,"2,319,000",
SURVEY,ANIMALS & PRODUCTS,POULTRY,TURKEYS,YOUNG,ALL PRODUCTION PRACTICES,"SLAUGHTER, FI",SLAUGHTERED,HEAD,"TURKEYS, YOUNG, SLAUGHTER, FI - SLAUGHTERED, MEASURED IN HEAD",TOTAL,NOT SPECIFIED,STATE,51,51,VA,VIRGINIA,,,,,,,,00000000,,,9000,UNITED STATES,VIRGINIA,1990,MONTHLY,05,05,MAY,,2012-01-01 00:00:00,"2,604,000",
SURVEY,ANIMALS & PRODUCTS,POULTRY,TURKEYS,YOUNG,ALL PRODUCTION PRACTICES,"SLAUGHTER, FI",SLAUGHTERED,HEAD,"TURKEYS, YOUNG, SLAUGHTER, FI - SLAUGHTERED, MEASURED IN HEAD",TOTAL,NOT SPECIFIED,STATE,51,51,VA,VIRGINIA,,,,,,,,00000000,,,9000,UNITED STATES,VIRGINIA,1990,MONTHLY,06,06,JUN,,2012-01-01 00:00:00,"2,501,000",
SURVEY,ANIMALS & PRODUCTS,POULTRY,TURKEYS,YOUNG,ALL PRODUCTION PRACTICES,"SLAUGHTER, FI",SLAUGHTERED,HEAD,"TURKEYS, YOUNG, SLAUGHTER, FI - SLAUGHTERED, MEASURED IN HEAD",TOTAL,NOT SPECIFIED,STATE,51,51,VA,VIRGINIA,,,,,,,,00000000,,,9000,UNITED STATES,VIRGINIA,1990,MONTHLY,07,07,JUL,,2012-01-01 00:00:00,"2,422,000",
SURVEY,ANIMALS & PRODUCTS,POULTRY,TURKEYS,YOUNG,ALL PRODUCTION PRACTICES,"SLAUGHTER, FI",SLAUGHTERED,HEAD,"TURKEYS, YOUNG, SLAUGHTER, FI - SLAUGHTERED, MEASURED IN HEAD",TOTAL,NOT SPECIFIED,STATE,51,51,VA,VIRGINIA,,,,,,,,00000000,,,9000,UNITED STATES,VIRGINIA,1990,MONTHLY,08,08,AUG,,2012-01-01 00:00:00,"2,867,000",
SURVEY,ANIMALS & PRODUCTS,POULTRY,TURKEYS,YOUNG,ALL PRODUCTION PRACTICES,"SLAUGHTER, FI",SLAUGHTERED,HEAD,"TURKEYS, YOUNG, SLAUGHTER, FI - SLAUGHTERED, MEASURED IN HEAD",TOTAL,NOT SPECIFIED,STATE,51,51,VA,VIRGINIA,,,,,,,,00000000,,,9000,UNITED STATES,VIRGINIA,1990,MONTHLY,09,09,SEP,,2012-01-01 00:00:00,"2,445,000",
SURVEY,ANIMALS & PRODUCTS,POULTRY,TURKEYS,YOUNG,ALL PRODUCTION PRACTICES,"SLAUGHTER, FI",SLAUGHTERED,HEAD,"TURKEYS, YOUNG, SLAUGHTER, FI - SLAUGHTERED, MEASURED IN HEAD",TOTAL,NOT SPECIFIED,STATE,51,51,VA,VIRGINIA,,,,,,,,00000000,,,9000,UNITED STATES,VIRGINIA,1990,MONTHLY,10,10,OCT,,2012-01-01 00:00:00,"2,899,000",
SURVEY,ANIMALS & PRODUCTS,POULTRY,TURKEYS,YOUNG,ALL PRODUCTION PRACTICES,"SLAUGHTER, FI",SLAUGHTERED,HEAD,"TURKEYS, YOUNG, SLAUGHTER, FI - SLAUGHTERED, MEASURED IN HEAD",TOTAL,NOT SPECIFIED,STATE,51,51,VA,VIRGINIA,,,,,,,,00000000,,,9000,UNITED STATES,VIRGINIA,1990,MONTHLY,11,11,NOV,,2012-01-01 00:00:00,"2,883,000",
SURVEY,ANIMALS & PRODUCTS,POULTRY,TURKEYS,YOUNG,ALL PRODUCTION PRACTICES,"SLAUGHTER, FI",SLAUGHTERED,HEAD,"TURKEYS, YOUNG, SLAUGHTER, FI - SLAUGHTERED, MEASURED IN HEAD",TOTAL,NOT SPECIFIED,STATE,51,51,VA,VIRGINIA,,,,,,,,00000000,,,9000,UNITED STATES,VIRGINIA,1990,MONTHLY,12,12,DEC,,2012-01-01 00:00:00,"2,248,000",
SURVEY,ANIMALS & PRODUCTS,POULTRY,TURKEYS,YOUNG,ALL PRODUCTION PRACTICES,"SLAUGHTER, FI",SLAUGHTERED,HEAD,"TURKEYS, YOUNG, SLAUGHTER, FI - SLAUGHTERED, MEASURED IN HEAD",TOTAL,NOT SPECIFIED,STATE,51,51,VA,VIRGINIA,,,,,,,,00000000,,,9000,UNITED STATES,VIRGINIA,1989,MONTHLY,01,01,JAN,,2012-01-01 00:00:00,"2,010,000",
SURVEY,ANIMALS & PRODUCTS,POULTRY,TURKEYS,YOUNG,ALL PRODUCTION PRACTICES,"SLAUGHTER, FI",SLAUGHTERED,HEAD,"TURKEYS, YOUNG, SLAUGHTER, FI - SLAUGHTERED, MEASURED IN HEAD",TOTAL,NOT SPECIFIED,STATE,51,51,VA,VIRGINIA,,,,,,,,00000000,,,9000,UNITED STATES,VIRGINIA,1989,MONTHLY,02,02,FEB,,2012-01-01 00:00:00,"1,721,000",
SURVEY,ANIMALS & PRODUCTS,POULTRY,TURKEYS,YOUNG,ALL PRODUCTION PRACTICES,"SLAUGHTER, FI",SLAUGHTERED,HEAD,"TURKEYS, YOUNG, SLAUGHTER, FI - SLAUGHTERED, MEASURED IN HEAD",TOTAL,NOT SPECIFIED,STATE,51,51,VA,VIRGINIA,,,,,,,,00000000,,,9000,UNITED STATES,VIRGINIA,1989,MONTHLY,03,03,MAR,,2012-01-01 00:00:00,"1,758,000",
SURVEY,ANIMALS & PRODUCTS,POULTRY,TURKEYS,YOUNG,ALL PRODUCTION PRACTICES,"SLAUGHTER, FI",SLAUGHTERED,HEAD,"TURKEYS, YOUNG, SLAUGHTER, FI - SLAUGHTERED, MEASURED IN HEAD",TOTAL,NOT SPECIFIED,STATE,51,51,VA,VIRGINIA,,,,,,,,00000000,,,9000,UNITED STATES,VIRGINIA,1989,MONTHLY,04,04,APR,,2012-01-01 00:00:00,"1,851,000",
SURVEY,ANIMALS & PRODUCTS,POULTRY,TURKEYS,YOUNG,ALL PRODUCTION PRACTICES,"SLAUGHTER, FI",SLAUGHTERED,HEAD,"TURKEYS, YOUNG, SLAUGHTER, FI - SLAUGHTERED, MEASURED IN HEAD",TOTAL,NOT SPECIFIED,STATE,51,51,VA,VIRGINIA,,,,,,,,00000000,,,9000,UNITED STATES,VIRGINIA,1989,MONTHLY,05,05,MAY,,2012-01-01 00:00:00,"2,246,000",
SURVEY,ANIMALS & PRODUCTS,POULTRY,TURKEYS,YOUNG,ALL PRODUCTION PRACTICES,"SLAUGHTER, FI",SLAUGHTERED,HEAD,"TURKEYS, YOUNG, SLAUGHTER, FI - SLAUGHTERED, MEASURED IN HEAD",TOTAL,NOT SPECIFIED,STATE,51,51,VA,VIRGINIA,,,,,,,,00000000,,,9000,UNITED STATES,VIRGINIA,1989,MONTHLY,06,06,JUN,,2012-01-01 00:00:00,"2,339,000",
SURVEY,ANIMALS & PRODUCTS,POULTRY,TURKEYS,YOUNG,ALL PRODUCTION PRACTICES,"SLAUGHTER, FI",SLAUGHTERED,HEAD,"TURKEYS, YOUNG, SLAUGHTER, FI - SLAUGHTERED, MEASURED IN HEAD",TOTAL,NOT SPECIFIED,STATE,51,51,VA,VIRGINIA,,,,,,,,00000000,,,9000,UNITED STATES,VIRGINIA,1989,MONTHLY,07,07,JUL,,2012-01-01 00:00:00,"2,257,000",
SURVEY,ANIMALS & PRODUCTS,POULTRY,TURKEYS,YOUNG,ALL PRODUCTION PRACTICES,"SLAUGHTER, FI",SLAUGHTERED,HEAD,"TURKEYS, YOUNG, SLAUGHTER, FI - SLAUGHTERED, MEASURED IN HEAD",TOTAL,NOT SPECIFIED,STATE,51,51,VA,VIRGINIA,,,,,,,,00000000,,,9000,UNITED STATES,VIRGINIA,1989,MONTHLY,08,08,AUG,,2012-01-01 00:00:00,"2,581,000",
SURVEY,ANIMALS & PRODUCTS,POULTRY,TURKEYS,YOUNG,ALL PRODUCTION PRACTICES,"SLAUGHTER, FI",SLAUGHTERED,HEAD,"TURKEYS, YOUNG, SLAUGHTER, FI - SLAUGHTERED, MEASURED IN HEAD",TOTAL,NOT SPECIFIED,STATE,51,51,VA,VIRGINIA,,,,,,,,00000000,,,9000,UNITED STATES,VIRGINIA,1989,MONTHLY,09,09,SEP,,2012-01-01 00:00:00,"2,291,000",
SURVEY,ANIMALS & PRODUCTS,POULTRY,TURKEYS,YOUNG,ALL PRODUCTION PRACTICES,"SLAUGHTER, FI",SLAUGHTERED,HEAD,"TURKEYS, YOUNG, SLAUGHTER, FI - SLAUGHTERED, MEASURED IN HEAD",TOTAL,NOT SPECIFIED,STATE,51,51,VA,VIRGINIA,,,,,,,,00000000,,,9000,UNITED STATES,VIRGINIA,1989,MONTHLY,10,10,OCT,,2012-01-01 00:00:00,"2,523,000",
SURVEY,ANIMALS & PRODUCTS,POULTRY,TURKEYS,YOUNG,ALL PRODUCTION PRACTICES,"SLAUGHTER, FI",SLAUGHTERED,HEAD,"TURKEYS, YOUNG, SLAUGHTER, FI - SLAUGHTERED, MEASURED IN HEAD",TOTAL,NOT SPECIFIED,STATE,51,51,VA,VIRGINIA,,,,,,,,00000000,,,9000,UNITED STATES,VIRGINIA,1989,MONTHLY,11,11,NOV,,2012-01-01 00:00:00,"2,727,000",
SURVEY,ANIMALS & PRODUCTS,POULTRY,TURKEYS,YOUNG,ALL PRODUCTION PRACTICES,"SLAUGHTER, FI",SLAUGHTERED,HEAD,"TURKEYS, YOUNG, SLAUGHTER, FI - SLAUGHTERED, MEASURED IN HEAD",TOTAL,NOT SPECIFIED,STATE,51,51,VA,VIRGINIA,,,,,,,,00000000,,,9000,UNITED STATES,VIRGINIA,1989,MONTHLY,12,12,DEC,,2012-01-01 00:00:00,"2,127,000",
